"Time","Latitude","Longitude"
"04/09/2016 06:43:04",51.67655,-0.02199
"04/09/2016 06:43:04",51.67655,-0.02199
"04/09/2016 06:43:24",51.6763,-0.02175
"04/09/2016 06:44:03",51.67632,-0.02173
"04/09/2016 06:44:09",51.67646,-0.02183
"04/09/2016 06:44:14",51.67632,-0.02172
"04/09/2016 06:44:38",51.67633,-0.02172
"04/09/2016 06:44:44",51.67655,-0.02189
"04/09/2016 06:53:40",51.67655,-0.02189
"04/09/2016 06:53:46",51.67655,-0.02177
"04/09/2016 06:54:25",51.67655,-0.02172
"04/09/2016 06:54:31",51.67645,-0.02177
"04/09/2016 06:54:36",51.67655,-0.0219
"04/09/2016 06:54:41",51.67655,-0.02207
"04/09/2016 06:54:46",51.67655,-0.02225
"04/09/2016 06:54:51",51.67649,-0.02234
"04/09/2016 06:54:56",51.67652,-0.02238
"04/09/2016 06:55:01",51.67655,-0.02189
"04/09/2016 06:55:06",51.67655,-0.02189
"04/09/2016 06:55:11",51.67655,-0.02178
"04/09/2016 06:55:16",51.67655,-0.02159
"04/09/2016 06:55:21",51.67655,-0.02145
"04/09/2016 06:55:27",51.67655,-0.02137
"04/09/2016 06:55:32",51.67655,-0.02123
"04/09/2016 06:55:37",51.67658,-0.02101
"04/09/2016 06:55:42",51.67663,-0.02094
"04/09/2016 06:55:47",51.67655,-0.02096
"04/09/2016 06:55:52",51.67594,-0.02107
"04/09/2016 06:55:57",51.67548,-0.02114
"04/09/2016 06:56:02",51.67499,-0.0211
"04/09/2016 06:56:07",51.67488,-0.02084
"04/09/2016 06:56:12",51.67485,-0.02017
"04/09/2016 06:56:17",51.67482,-0.01948
"04/09/2016 06:56:22",51.67477,-0.01883
"04/09/2016 06:56:27",51.67476,-0.01862
"04/09/2016 06:57:02",51.67476,-0.01866
"04/09/2016 06:57:07",51.67472,-0.01826
"04/09/2016 06:57:12",51.67433,-0.01833
"04/09/2016 06:57:17",51.67371,-0.01855
"04/09/2016 06:57:22",51.67303,-0.01876
"04/09/2016 06:57:27",51.67238,-0.01896
"04/09/2016 06:57:32",51.67183,-0.01913
"04/09/2016 06:57:37",51.67134,-0.01928
"04/09/2016 06:57:42",51.67094,-0.01941
"04/09/2016 06:57:51",51.67094,-0.01941
"04/09/2016 06:57:57",51.67084,-0.01943
"04/09/2016 06:58:02",51.67029,-0.01949
"04/09/2016 06:58:07",51.66964,-0.01964
"04/09/2016 06:58:12",51.66907,-0.02025
"04/09/2016 06:58:17",51.66853,-0.02091
"04/09/2016 06:58:22",51.66798,-0.02164
"04/09/2016 06:58:27",51.66738,-0.02215
"04/09/2016 06:58:32",51.66671,-0.0225
"04/09/2016 06:58:37",51.66602,-0.02281
"04/09/2016 06:58:42",51.66536,-0.0232
"04/09/2016 06:58:47",51.66485,-0.02384
"04/09/2016 06:58:52",51.66443,-0.02466
"04/09/2016 06:58:57",51.66404,-0.02545
"04/09/2016 06:59:02",51.66363,-0.0263
"04/09/2016 06:59:07",51.6632,-0.02719
"04/09/2016 06:59:12",51.66276,-0.02803
"04/09/2016 06:59:17",51.66219,-0.02865
"04/09/2016 06:59:22",51.66157,-0.02904
"04/09/2016 06:59:27",51.66094,-0.02929
"04/09/2016 06:59:32",51.66028,-0.02937
"04/09/2016 06:59:37",51.65958,-0.0295
"04/09/2016 06:59:42",51.6589,-0.02968
"04/09/2016 06:59:47",51.6583,-0.02974
"04/09/2016 06:59:52",51.65791,-0.02972
"04/09/2016 06:59:57",51.65783,-0.02971
"04/09/2016 07:00:02",51.65784,-0.02971
"04/09/2016 07:00:07",51.65771,-0.02969
"04/09/2016 07:00:12",51.65732,-0.02965
"04/09/2016 07:00:18",51.65669,-0.02955
"04/09/2016 07:00:23",51.65612,-0.0293
"04/09/2016 07:00:28",51.65544,-0.02904
"04/09/2016 07:00:33",51.65478,-0.02877
"04/09/2016 07:00:38",51.6543,-0.02857
"04/09/2016 07:00:43",51.6539,-0.02864
"04/09/2016 07:00:48",51.65333,-0.02868
"04/09/2016 07:00:53",51.65266,-0.02882
"04/09/2016 07:00:58",51.65199,-0.02903
"04/09/2016 07:01:03",51.65133,-0.02923
"04/09/2016 07:01:08",51.6506,-0.02946
"04/09/2016 07:01:13",51.6499,-0.02968
"04/09/2016 07:01:18",51.64926,-0.02987
"04/09/2016 07:01:23",51.64874,-0.02992
"04/09/2016 07:01:28",51.64827,-0.03007
"04/09/2016 07:01:33",51.64777,-0.03032
"04/09/2016 07:01:38",51.64717,-0.03062
"04/09/2016 07:01:43",51.64648,-0.03102
"04/09/2016 07:01:48",51.64583,-0.0314
"04/09/2016 07:01:53",51.64532,-0.0318
"04/09/2016 07:01:58",51.6449,-0.03217
"04/09/2016 07:02:03",51.64443,-0.03187
"04/09/2016 07:02:08",51.64391,-0.03129
"04/09/2016 07:02:13",51.64337,-0.03056
"04/09/2016 07:02:18",51.64281,-0.02982
"04/09/2016 07:02:23",51.64229,-0.02913
"04/09/2016 07:02:28",51.64172,-0.02836
"04/09/2016 07:02:33",51.64119,-0.02754
"04/09/2016 07:02:38",51.64071,-0.0267
"04/09/2016 07:02:43",51.64036,-0.02578
"04/09/2016 07:02:48",51.64004,-0.0248
"04/09/2016 07:02:53",51.63969,-0.02375
"04/09/2016 07:02:58",51.63937,-0.02277
"04/09/2016 07:03:03",51.63904,-0.02178
"04/09/2016 07:03:08",51.6387,-0.02075
"04/09/2016 07:03:13",51.63838,-0.01978
"04/09/2016 07:03:18",51.63807,-0.01882
"04/09/2016 07:03:23",51.63775,-0.01787
"04/09/2016 07:03:28",51.63745,-0.01694
"04/09/2016 07:03:33",51.63715,-0.01603
"04/09/2016 07:03:38",51.63686,-0.01516
"04/09/2016 07:03:43",51.6366,-0.01442
"04/09/2016 07:03:48",51.63635,-0.01372
"04/09/2016 07:03:53",51.63613,-0.01309
"04/09/2016 07:03:58",51.63589,-0.01246
"04/09/2016 07:04:03",51.63565,-0.01186
"04/09/2016 07:04:08",51.63533,-0.01129
"04/09/2016 07:04:13",51.63499,-0.01072
"04/09/2016 07:04:18",51.63468,-0.01022
"04/09/2016 07:04:23",51.63433,-0.00973
"04/09/2016 07:04:28",51.63391,-0.00921
"04/09/2016 07:04:33",51.63348,-0.0087
"04/09/2016 07:04:38",51.63307,-0.00816
"04/09/2016 07:04:43",51.63276,-0.00745
"04/09/2016 07:04:48",51.63254,-0.00662
"04/09/2016 07:04:53",51.6324,-0.00611
"04/09/2016 07:04:58",51.63223,-0.00545
"04/09/2016 07:05:03",51.63208,-0.00485
"04/09/2016 07:05:08",51.63196,-0.00427
"04/09/2016 07:05:13",51.6319,-0.00367
"04/09/2016 07:05:18",51.63184,-0.00309
"04/09/2016 07:05:23",51.63177,-0.00241
"04/09/2016 07:05:28",51.63171,-0.00189
"04/09/2016 07:05:33",51.63167,-0.00152
"04/09/2016 07:05:38",51.63166,-0.00146
"04/09/2016 07:05:43",51.63164,-0.00128
"04/09/2016 07:05:48",51.63154,-0.00083
"04/09/2016 07:05:53",51.63132,-0.00022
"04/09/2016 07:05:58",51.63098,0.00033
"04/09/2016 07:06:03",51.63056,0.00081
"04/09/2016 07:06:08",51.6302,0.0012
"04/09/2016 07:06:13",51.62977,0.00165
"04/09/2016 07:06:18",51.62927,0.00215
"04/09/2016 07:06:23",51.62885,0.00266
"04/09/2016 07:06:28",51.62851,0.00322
"04/09/2016 07:06:33",51.62828,0.00381
"04/09/2016 07:06:38",51.62802,0.0044
"04/09/2016 07:06:43",51.62768,0.00511
"04/09/2016 07:06:49",51.62733,0.00587
"04/09/2016 07:06:54",51.62716,0.00644
"04/09/2016 07:06:59",51.62701,0.00706
"04/09/2016 07:07:04",51.62697,0.00744
"04/09/2016 07:07:09",51.62664,0.00749
"04/09/2016 07:07:14",51.62619,0.00761
"04/09/2016 07:07:19",51.62574,0.00776
"04/09/2016 07:07:24",51.62525,0.00792
"04/09/2016 07:07:29",51.62476,0.0081
"04/09/2016 07:07:34",51.62422,0.00829
"04/09/2016 07:07:39",51.62369,0.00827
"04/09/2016 07:07:44",51.62315,0.0082
"04/09/2016 07:07:49",51.62259,0.00818
"04/09/2016 07:07:54",51.62202,0.00833
"04/09/2016 07:07:59",51.62143,0.00849
"04/09/2016 07:08:04",51.62089,0.00863
"04/09/2016 07:08:09",51.62036,0.00868
"04/09/2016 07:08:14",51.61988,0.00868
"04/09/2016 07:08:19",51.61943,0.00868
"04/09/2016 07:08:24",51.61907,0.00873
"04/09/2016 07:08:29",51.61877,0.00896
"04/09/2016 07:08:34",51.61865,0.00853
"04/09/2016 07:08:39",51.61875,0.00786
"04/09/2016 07:08:44",51.61876,0.00707
"04/09/2016 07:08:49",51.61877,0.0064
"04/09/2016 07:08:54",51.61878,0.00584
"04/09/2016 07:08:59",51.61872,0.00569
"04/09/2016 07:09:04",51.61862,0.00569
"04/09/2016 07:09:09",51.61856,0.00568
"04/09/2016 07:09:14",51.61845,0.00568
"04/09/2016 07:09:19",51.61834,0.00567
"04/09/2016 07:09:24",51.61822,0.00567
"04/09/2016 07:09:29",51.61813,0.00566
"04/09/2016 07:09:34",51.61802,0.00566
"04/09/2016 07:09:39",51.61796,0.00569
"04/09/2016 07:09:44",51.61795,0.00586
"04/09/2016 07:09:49",51.61793,0.00603
"04/09/2016 07:09:54",51.61792,0.00617
"04/09/2016 07:09:59",51.61788,0.00619
"04/09/2016 07:10:04",51.61782,0.0062
"04/09/2016 07:10:09",51.61773,0.00621
"04/09/2016 07:10:14",51.6176,0.00623
"04/09/2016 07:10:19",51.61748,0.00624
"04/09/2016 07:10:24",51.61744,0.0064
"04/09/2016 07:10:29",51.61742,0.00653
"04/09/2016 07:10:34",51.6174,0.00667
"04/09/2016 07:10:39",51.61739,0.00679
"04/09/2016 07:10:44",51.6173,0.00679
"04/09/2016 07:10:49",51.61721,0.00679
"04/09/2016 07:10:54",51.61711,0.0068
"04/09/2016 07:10:59",51.61708,0.0068
"04/09/2016 07:11:04",51.61705,0.0068
"04/09/2016 07:11:09",51.61702,0.0068
"04/09/2016 07:11:14",51.6169,0.00683
"04/09/2016 07:11:19",51.61679,0.0069
"04/09/2016 07:11:24",51.61669,0.00696
"04/09/2016 07:11:29",51.61662,0.007
"04/09/2016 07:11:39",51.61658,0.00703
"04/09/2016 07:11:44",51.61653,0.00706
"04/09/2016 07:11:49",51.61643,0.00712
"04/09/2016 07:11:54",51.61638,0.00715
"04/09/2016 07:12:04",51.61635,0.00717
"04/09/2016 07:12:09",51.61629,0.00712
"04/09/2016 07:12:14",51.61624,0.00701
"04/09/2016 07:39:18",51.61622,0.00697
"04/09/2016 07:39:23",51.61626,0.00708
"04/09/2016 07:39:28",51.61623,0.00699
"04/09/2016 07:40:23",51.61623,0.00699
"04/09/2016 07:40:28",51.61629,0.00714
"04/09/2016 07:42:19",51.61632,0.00719
"04/09/2016 07:42:24",51.61623,0.00701
"04/09/2016 07:42:29",51.61632,0.00719
"04/09/2016 07:42:34",51.61619,0.00694
"04/09/2016 07:46:15",51.61619,0.00694
"04/09/2016 07:46:20",51.61614,0.00685
"04/09/2016 07:46:25",51.61607,0.00671
"04/09/2016 07:46:30",51.61599,0.00654
"04/09/2016 07:46:35",51.61593,0.00637
"04/09/2016 07:46:40",51.61589,0.00624
"04/09/2016 07:46:45",51.61586,0.00612
"04/09/2016 07:46:50",51.61581,0.00598
"04/09/2016 07:46:55",51.61578,0.00588
"04/09/2016 07:47:00",51.61574,0.00576
"04/09/2016 07:47:05",51.61561,0.0056
"04/09/2016 07:47:10",51.61556,0.00565
"04/09/2016 07:47:15",51.61542,0.00577
"04/09/2016 07:47:20",51.61521,0.00596
"04/09/2016 07:47:25",51.61509,0.00606
"04/09/2016 07:47:30",51.61491,0.00622
"04/09/2016 07:47:35",51.6147,0.0064
"04/09/2016 07:47:40",51.61457,0.00652
"04/09/2016 07:47:45",51.61445,0.00648
"04/09/2016 07:47:50",51.61415,0.00617
"04/09/2016 07:47:55",51.61383,0.0059
"04/09/2016 07:48:00",51.61354,0.00568
"04/09/2016 07:48:05",51.61324,0.00532
"04/09/2016 07:48:10",51.61294,0.00491
"04/09/2016 07:48:15",51.61263,0.00449
"04/09/2016 07:48:20",51.61233,0.00408
"04/09/2016 07:48:25",51.612,0.00364
"04/09/2016 07:48:30",51.61168,0.0032
"04/09/2016 07:48:35",51.61134,0.00275
"04/09/2016 07:48:40",51.611,0.00229
"04/09/2016 07:48:45",51.61059,0.0019
"04/09/2016 07:48:50",51.61016,0.00151
"04/09/2016 07:48:55",51.60974,0.00112
"04/09/2016 07:49:00",51.60932,0.00073
"04/09/2016 07:49:05",51.6089,0.00035
"04/09/2016 07:49:10",51.60855,0.00023
"04/09/2016 07:49:15",51.60821,0.0001
"04/09/2016 07:49:20",51.60791,0
"04/09/2016 07:49:25",51.60764,-0.00009
"04/09/2016 07:49:30",51.60751,-0.00016
"04/09/2016 07:49:35",51.60764,-0.00045
"04/09/2016 07:49:40",51.60769,-0.00068
"04/09/2016 07:49:45",51.6075,-0.00096
"04/09/2016 07:49:50",51.60725,-0.00123
"04/09/2016 07:49:55",51.60697,-0.00133
"04/09/2016 07:50:00",51.60664,-0.00145
"04/09/2016 07:50:05",51.60628,-0.00159
"04/09/2016 07:50:10",51.60591,-0.00174
"04/09/2016 07:50:15",51.6056,-0.00188
"04/09/2016 07:50:20",51.60527,-0.00204
"04/09/2016 07:50:25",51.60502,-0.00216
"04/09/2016 07:50:30",51.60478,-0.00228
"04/09/2016 07:50:35",51.60445,-0.00242
"04/09/2016 07:50:40",51.60411,-0.00253
"04/09/2016 07:50:45",51.60382,-0.00263
"04/09/2016 07:50:50",51.60347,-0.00277
"04/09/2016 07:50:55",51.60311,-0.00291
"04/09/2016 07:51:00",51.60274,-0.00306
"04/09/2016 07:51:05",51.60238,-0.0032
"04/09/2016 07:51:10",51.60195,-0.00337
"04/09/2016 07:51:15",51.60157,-0.00352
"04/09/2016 07:51:20",51.60118,-0.00367
"04/09/2016 07:51:25",51.60098,-0.00382
"04/09/2016 07:51:30",51.60092,-0.00427
"04/09/2016 07:51:35",51.60086,-0.00473
"04/09/2016 07:51:40",51.60067,-0.00491
"04/09/2016 07:51:45",51.60067,-0.00511
"04/09/2016 07:51:50",51.60067,-0.00574
"04/09/2016 07:51:55",51.60067,-0.00642
"04/09/2016 07:52:00",51.60067,-0.00709
"04/09/2016 07:52:05",51.60067,-0.00769
"04/09/2016 07:52:10",51.60067,-0.00831
"04/09/2016 07:52:15",51.60068,-0.00893
"04/09/2016 07:52:20",51.60066,-0.0095
"04/09/2016 07:52:26",51.60064,-0.01022
"04/09/2016 07:52:31",51.60063,-0.01067
"04/09/2016 07:52:36",51.60063,-0.01129
"04/09/2016 07:52:41",51.60062,-0.01196
"04/09/2016 07:52:46",51.60063,-0.01263
"04/09/2016 07:52:51",51.60064,-0.01321
"04/09/2016 07:52:56",51.60068,-0.01377
"04/09/2016 07:53:01",51.60079,-0.01426
"04/09/2016 07:53:06",51.60099,-0.01473
"04/09/2016 07:53:11",51.60118,-0.01517
"04/09/2016 07:53:16",51.60126,-0.01555
"04/09/2016 07:53:21",51.60114,-0.01573
"04/09/2016 07:53:36",51.60111,-0.01578
"04/09/2016 07:53:41",51.60091,-0.0158
"04/09/2016 07:53:46",51.60075,-0.0158
"04/09/2016 07:53:51",51.60071,-0.0158
"04/09/2016 07:53:56",51.60062,-0.01585
"04/09/2016 07:54:01",51.60049,-0.01613
"04/09/2016 07:54:11",51.60049,-0.01617
"04/09/2016 07:54:16",51.60048,-0.01621
"04/09/2016 07:54:21",51.60053,-0.01663
"04/09/2016 07:54:26",51.60089,-0.01714
"04/09/2016 07:54:31",51.60128,-0.01775
"04/09/2016 07:54:36",51.60172,-0.01861
"04/09/2016 07:54:41",51.60226,-0.01957
"04/09/2016 07:54:46",51.60291,-0.02053
"04/09/2016 07:54:51",51.60345,-0.02152
"04/09/2016 07:54:56",51.60401,-0.02252
"04/09/2016 07:55:01",51.60454,-0.02348
"04/09/2016 07:55:06",51.60509,-0.02445
"04/09/2016 07:55:11",51.60563,-0.02546
"04/09/2016 07:55:16",51.60616,-0.02653
"04/09/2016 07:55:21",51.60667,-0.02762
"04/09/2016 07:55:26",51.60716,-0.02866
"04/09/2016 07:55:31",51.60775,-0.02948
"04/09/2016 07:55:36",51.60839,-0.03013
"04/09/2016 07:55:41",51.60912,-0.03048
"04/09/2016 07:55:46",51.60994,-0.03072
"04/09/2016 07:55:51",51.61074,-0.03108
"04/09/2016 07:55:56",51.61138,-0.03165
"04/09/2016 07:56:01",51.61197,-0.03252
"04/09/2016 07:56:06",51.6125,-0.0337
"04/09/2016 07:56:11",51.61287,-0.03499
"04/09/2016 07:56:16",51.61306,-0.03638
"04/09/2016 07:56:21",51.6131,-0.03786
"04/09/2016 07:56:26",51.61296,-0.03931
"04/09/2016 07:56:31",51.61266,-0.0407
"04/09/2016 07:56:36",51.61225,-0.04197
"04/09/2016 07:56:41",51.61185,-0.04315
"04/09/2016 07:56:46",51.61144,-0.04433
"04/09/2016 07:56:51",51.61133,-0.04564
"04/09/2016 07:56:56",51.61128,-0.04689
"04/09/2016 07:57:01",51.6115,-0.04811
"04/09/2016 07:57:06",51.61187,-0.04921
"04/09/2016 07:57:11",51.61235,-0.05035
"04/09/2016 07:57:16",51.61279,-0.05151
"04/09/2016 07:57:21",51.61313,-0.05279
"04/09/2016 07:57:26",51.6133,-0.05415
"04/09/2016 07:57:31",51.61345,-0.0555
"04/09/2016 07:57:36",51.61362,-0.05678
"04/09/2016 07:57:41",51.6138,-0.05802
"04/09/2016 07:57:46",51.61396,-0.05925
"04/09/2016 07:57:51",51.61414,-0.06052
"04/09/2016 07:57:56",51.61433,-0.0619
"04/09/2016 07:58:01",51.6145,-0.06335
"04/09/2016 07:58:06",51.61465,-0.0649
"04/09/2016 07:58:10",51.61475,-0.06613
"04/09/2016 07:58:10",51.61475,-0.06613
"04/09/2016 07:58:21",51.6148,-0.06926
"04/09/2016 07:58:26",51.61476,-0.07042
"04/09/2016 07:58:31",51.61471,-0.07156
"04/09/2016 07:58:36",51.61456,-0.0728
"04/09/2016 07:58:41",51.61434,-0.0741
"04/09/2016 07:58:46",51.61417,-0.07546
"04/09/2016 07:58:51",51.61418,-0.07679
"04/09/2016 07:58:56",51.61437,-0.07808
"04/09/2016 07:59:01",51.61466,-0.07924
"04/09/2016 07:59:06",51.615,-0.08033
"04/09/2016 07:59:11",51.61529,-0.08145
"04/09/2016 07:59:16",51.61559,-0.08266
"04/09/2016 07:59:21",51.61587,-0.08388
"04/09/2016 07:59:26",51.61603,-0.08475
"04/09/2016 07:59:31",51.61607,-0.08542
"04/09/2016 07:59:36",51.61608,-0.08586
"04/09/2016 07:59:40",51.61607,-0.08553
"04/09/2016 07:59:46",51.61607,-0.08564
"04/09/2016 07:59:51",51.61608,-0.08597
"04/09/2016 07:59:56",51.61602,-0.08646
"04/09/2016 08:00:01",51.61566,-0.08668
"04/09/2016 08:00:06",51.61509,-0.0867
"04/09/2016 08:00:11",51.6144,-0.08673
"04/09/2016 08:00:16",51.61375,-0.08674
"04/09/2016 08:00:21",51.61328,-0.08668
"04/09/2016 08:00:26",51.61312,-0.08663
"04/09/2016 08:00:31",51.61294,-0.08659
"04/09/2016 08:00:37",51.61241,-0.08645
"04/09/2016 08:00:42",51.61183,-0.08625
"04/09/2016 08:00:47",51.61119,-0.08603
"04/09/2016 08:00:52",51.6105,-0.08579
"04/09/2016 08:00:57",51.60984,-0.08559
"04/09/2016 08:01:02",51.60922,-0.08552
"04/09/2016 08:01:07",51.60862,-0.08551
"04/09/2016 08:01:12",51.60796,-0.08555
"04/09/2016 08:01:17",51.60726,-0.0856
"04/09/2016 08:01:22",51.60663,-0.08562
"04/09/2016 08:01:27",51.60601,-0.08564
"04/09/2016 08:01:32",51.60537,-0.08578
"04/09/2016 08:01:37",51.60478,-0.08613
"04/09/2016 08:01:42",51.60433,-0.08653
"04/09/2016 08:01:47",51.60385,-0.08682
"04/09/2016 08:01:52",51.60345,-0.08683
"04/09/2016 08:01:57",51.60325,-0.08684
"04/09/2016 08:02:17",51.60326,-0.08684
"04/09/2016 08:02:22",51.60309,-0.08684
"04/09/2016 08:02:27",51.60287,-0.08697
"04/09/2016 08:02:32",51.60276,-0.08746
"04/09/2016 08:02:37",51.6027,-0.08816
"04/09/2016 08:02:42",51.60253,-0.08898
"04/09/2016 08:02:47",51.60227,-0.08977
"04/09/2016 08:02:52",51.60196,-0.09036
"04/09/2016 08:02:57",51.60161,-0.09088
"04/09/2016 08:03:02",51.60116,-0.0913
"04/09/2016 08:03:07",51.60068,-0.09163
"04/09/2016 08:03:12",51.6001,-0.09178
"04/09/2016 08:03:17",51.59945,-0.09187
"04/09/2016 08:03:22",51.59885,-0.09193
"04/09/2016 08:03:27",51.59846,-0.09195
"04/09/2016 08:03:32",51.59831,-0.09196
"04/09/2016 08:03:57",51.59832,-0.09196
"04/09/2016 08:04:02",51.59804,-0.09219
"04/09/2016 08:04:07",51.59807,-0.0927
"04/09/2016 08:04:12",51.59796,-0.09318
"04/09/2016 08:04:17",51.59763,-0.09342
"04/09/2016 08:04:22",51.59722,-0.09371
"04/09/2016 08:04:27",51.59677,-0.09401
"04/09/2016 08:04:32",51.59631,-0.09432
"04/09/2016 08:04:37",51.59587,-0.09463
"04/09/2016 08:04:42",51.59543,-0.09496
"04/09/2016 08:04:47",51.59512,-0.09527
"04/09/2016 08:04:52",51.59481,-0.09583
"04/09/2016 08:04:57",51.59442,-0.09649
"04/09/2016 08:05:02",51.59404,-0.09717
"04/09/2016 08:05:07",51.59366,-0.09782
"04/09/2016 08:05:12",51.59329,-0.09847
"04/09/2016 08:05:17",51.59296,-0.09904
"04/09/2016 08:05:22",51.59265,-0.09957
"04/09/2016 08:05:27",51.59233,-0.10013
"04/09/2016 08:05:32",51.59199,-0.10072
"04/09/2016 08:05:37",51.59166,-0.10131
"04/09/2016 08:05:42",51.59135,-0.10184
"04/09/2016 08:05:47",51.59109,-0.10229
"04/09/2016 08:05:52",51.5909,-0.10263
"04/09/2016 08:05:57",51.59069,-0.10295
"04/09/2016 08:06:02",51.59059,-0.10303
"04/09/2016 08:06:47",51.59059,-0.10303
"04/09/2016 08:06:52",51.59041,-0.10319
"04/09/2016 08:06:57",51.59023,-0.10367
"04/09/2016 08:07:02",51.59009,-0.10415
"04/09/2016 08:07:07",51.58996,-0.10474
"04/09/2016 08:07:12",51.58984,-0.10532
"04/09/2016 08:07:17",51.58973,-0.10586
"04/09/2016 08:07:23",51.5896,-0.10659
"04/09/2016 08:07:28",51.5895,-0.10719
"04/09/2016 08:07:33",51.58941,-0.10777
"04/09/2016 08:07:38",51.58931,-0.10838
"04/09/2016 08:07:43",51.58917,-0.10901
"04/09/2016 08:07:48",51.58905,-0.10954
"04/09/2016 08:07:53",51.58899,-0.1098
"04/09/2016 08:08:28",51.58898,-0.10984
"04/09/2016 08:08:33",51.58896,-0.10992
"04/09/2016 08:08:38",51.58888,-0.11028
"04/09/2016 08:08:43",51.58876,-0.11109
"04/09/2016 08:08:48",51.58848,-0.11189
"04/09/2016 08:08:52",51.58829,-0.11243
"04/09/2016 08:08:58",51.58814,-0.11289
"04/09/2016 08:09:03",51.58786,-0.11301
"04/09/2016 08:09:08",51.58757,-0.1128
"04/09/2016 08:09:13",51.58718,-0.11252
"04/09/2016 08:09:18",51.58683,-0.11228
"04/09/2016 08:09:23",51.58644,-0.11226
"04/09/2016 08:09:28",51.58604,-0.11237
"04/09/2016 08:09:33",51.58574,-0.1127
"04/09/2016 08:09:38",51.58557,-0.11326
"04/09/2016 08:09:43",51.58549,-0.11389
"04/09/2016 08:09:48",51.58542,-0.11443
"04/09/2016 08:09:53",51.5852,-0.11497
"04/09/2016 08:09:58",51.58496,-0.11533
"04/09/2016 08:10:03",51.58475,-0.11559
"04/09/2016 08:10:08",51.58443,-0.11585
"04/09/2016 08:10:13",51.58406,-0.11619
"04/09/2016 08:10:18",51.58371,-0.11657
"04/09/2016 08:10:23",51.58341,-0.11694
"04/09/2016 08:10:28",51.58319,-0.11723
"04/09/2016 08:10:33",51.58299,-0.11765
"04/09/2016 08:10:38",51.58277,-0.11817
"04/09/2016 08:10:43",51.58256,-0.11873
"04/09/2016 08:10:48",51.58235,-0.1191
"04/09/2016 08:10:53",51.58222,-0.11961
"04/09/2016 08:10:58",51.582,-0.12019
"04/09/2016 08:11:03",51.58183,-0.12063
"04/09/2016 08:11:08",51.58161,-0.12118
"04/09/2016 08:11:13",51.58146,-0.12146
"04/09/2016 08:11:18",51.58144,-0.12149
"04/09/2016 08:11:23",51.58137,-0.12163
"04/09/2016 08:11:28",51.58105,-0.12201
"04/09/2016 08:11:33",51.58076,-0.12239
"04/09/2016 08:11:38",51.58046,-0.12277
"04/09/2016 08:11:43",51.58012,-0.12317
"04/09/2016 08:11:48",51.57975,-0.12355
"04/09/2016 08:11:53",51.57934,-0.12377
"04/09/2016 08:11:58",51.57888,-0.12385
"04/09/2016 08:12:03",51.57856,-0.1239
"04/09/2016 08:12:08",51.57842,-0.12384
"04/09/2016 08:12:22",51.57844,-0.12385
"04/09/2016 08:12:28",51.57828,-0.12378
"04/09/2016 08:12:33",51.57795,-0.12358
"04/09/2016 08:12:39",51.57749,-0.12329
"04/09/2016 08:12:44",51.57711,-0.12306
"04/09/2016 08:12:49",51.57681,-0.12284
"04/09/2016 08:12:54",51.57648,-0.12259
"04/09/2016 08:12:59",51.57619,-0.12242
"04/09/2016 08:13:04",51.57583,-0.12221
"04/09/2016 08:13:09",51.57547,-0.12198
"04/09/2016 08:13:14",51.57519,-0.12181
"04/09/2016 08:13:19",51.57491,-0.12164
"04/09/2016 08:13:24",51.57462,-0.12148
"04/09/2016 08:13:29",51.57438,-0.12136
"04/09/2016 08:13:34",51.57424,-0.12128
"04/09/2016 08:13:39",51.57421,-0.12127
"04/09/2016 08:13:44",51.57427,-0.1212
"04/09/2016 08:13:49",51.57431,-0.12109
"04/09/2016 08:13:54",51.57438,-0.12089
"04/09/2016 08:13:59",51.57451,-0.12056
"04/09/2016 08:14:04",51.57459,-0.12033
"04/09/2016 08:14:09",51.57472,-0.12
"04/09/2016 08:14:14",51.5748,-0.11978
"04/09/2016 08:14:19",51.57493,-0.11984
"04/09/2016 08:14:24",51.57509,-0.11994
"04/09/2016 08:14:29",51.57524,-0.12003
"04/09/2016 08:14:34",51.57536,-0.12011
"04/09/2016 08:14:39",51.57537,-0.12027
"04/09/2016 08:14:44",51.57535,-0.12037
"04/09/2016 08:14:49",51.5753,-0.12058
"04/09/2016 08:14:54",51.57523,-0.12087
"04/09/2016 08:14:59",51.57518,-0.12112
"04/09/2016 08:15:05",51.57511,-0.12141
"04/09/2016 08:15:10",51.57507,-0.12161
"04/09/2016 08:15:15",51.57506,-0.12162
"04/09/2016 08:15:20",51.57505,-0.12169
"04/09/2016 08:15:25",51.5749,-0.12163
"04/09/2016 08:15:30",51.57481,-0.12158
"04/09/2016 08:15:40",51.57477,-0.12156
"04/09/2016 08:15:45",51.57476,-0.12156
"04/09/2016 08:17:15",51.5748,-0.12158
"04/09/2016 08:17:20",51.57483,-0.12159
"04/09/2016 08:20:00",51.57487,-0.12161
"04/09/2016 08:20:06",51.57488,-0.12162
"04/09/2016 08:20:11",51.57496,-0.12164
"04/09/2016 08:20:16",51.57491,-0.12162
"04/09/2016 08:20:21",51.57488,-0.12162
"04/09/2016 08:20:25",51.57486,-0.12161
"04/09/2016 08:21:31",51.57489,-0.12162
"04/09/2016 08:21:36",51.57478,-0.12157
"04/09/2016 08:22:56",51.57482,-0.12158
"04/09/2016 08:23:01",51.57484,-0.1216
"04/09/2016 08:23:06",51.57476,-0.12156
"04/09/2016 08:23:11",51.57469,-0.12152
"04/09/2016 08:23:16",51.57464,-0.12149
"04/09/2016 08:23:21",51.57471,-0.12153
"04/09/2016 08:23:26",51.57473,-0.12154
"04/09/2016 08:23:31",51.57478,-0.12157
"04/09/2016 08:23:56",51.57481,-0.12158
"04/09/2016 08:23:59",51.57486,-0.12161
"04/09/2016 08:24:16",51.57486,-0.12161
"04/09/2016 08:24:21",51.57505,-0.12171
"04/09/2016 08:24:26",51.57489,-0.12162
"04/09/2016 08:24:28",51.57484,-0.1216
"04/09/2016 08:24:41",51.57481,-0.12158
"04/09/2016 08:24:46",51.57501,-0.12164
"04/09/2016 08:24:50",51.57505,-0.12166
"04/09/2016 08:24:56",51.57506,-0.12165
"04/09/2016 08:25:06",51.57505,-0.12168
"04/09/2016 08:25:11",51.57483,-0.12159
"04/09/2016 08:28:12",51.57483,-0.12159
"04/09/2016 08:28:17",51.57492,-0.12163
"04/09/2016 08:28:22",51.57483,-0.12159
"04/09/2016 08:28:27",51.57483,-0.12159
"04/09/2016 08:28:32",51.5741,-0.12118
"04/09/2016 08:28:37",51.5736,-0.12086
"04/09/2016 08:28:42",51.57334,-0.12066
"04/09/2016 08:28:47",51.57304,-0.12043
"04/09/2016 08:28:52",51.57277,-0.1202
"04/09/2016 08:28:57",51.57254,-0.11992
"04/09/2016 08:29:02",51.57243,-0.11972
"04/09/2016 08:29:07",51.57241,-0.1197
"04/09/2016 08:29:12",51.57227,-0.11946
"04/09/2016 08:29:17",51.57216,-0.11927
"04/09/2016 08:29:22",51.57216,-0.11928
"04/09/2016 08:29:27",51.57198,-0.11897
"04/09/2016 08:29:32",51.57181,-0.11866
"04/09/2016 08:29:37",51.57156,-0.11817
"04/09/2016 08:29:42",51.57136,-0.11772
"04/09/2016 08:29:47",51.57115,-0.11724
"04/09/2016 08:29:52",51.5711,-0.11712
"04/09/2016 08:29:57",51.5711,-0.11712
"04/09/2016 08:30:02",51.571,-0.11689
"04/09/2016 08:30:07",51.57088,-0.11654
"04/09/2016 08:30:12",51.57082,-0.11618
"04/09/2016 08:30:17",51.57077,-0.11588
"04/09/2016 08:30:22",51.57073,-0.11565
"04/09/2016 08:30:27",51.57072,-0.11554
"04/09/2016 08:30:33",51.57071,-0.11547
"04/09/2016 08:30:38",51.57067,-0.11524
"04/09/2016 08:30:43",51.57063,-0.11507
"04/09/2016 08:30:48",51.5705,-0.11529
"04/09/2016 08:30:53",51.57032,-0.1156
"04/09/2016 08:30:58",51.57013,-0.11595
"04/09/2016 08:31:03",51.56997,-0.11625
"04/09/2016 08:31:08",51.56982,-0.11655
"04/09/2016 08:31:13",51.56964,-0.1169
"04/09/2016 08:31:18",51.56948,-0.11722
"04/09/2016 08:31:23",51.56936,-0.11746
"04/09/2016 08:31:28",51.56936,-0.11746
"04/09/2016 08:31:33",51.56905,-0.11808
"04/09/2016 08:31:38",51.56883,-0.1185
"04/09/2016 08:31:43",51.56874,-0.11867
"04/09/2016 08:31:48",51.56862,-0.11891
"04/09/2016 08:31:53",51.56853,-0.11909
"04/09/2016 08:31:58",51.56849,-0.11916
"04/09/2016 08:32:03",51.56848,-0.1192
"04/09/2016 08:32:08",51.56846,-0.11922
"04/09/2016 08:32:13",51.56845,-0.11924
"04/09/2016 08:32:18",51.56843,-0.11928
"04/09/2016 08:36:34",51.56846,-0.11924
"04/09/2016 08:36:38",51.56846,-0.11922
"04/09/2016 08:39:29",51.56847,-0.1192
"04/09/2016 08:39:34",51.56851,-0.11913
"04/09/2016 08:39:39",51.56852,-0.1191
"04/09/2016 08:39:44",51.56867,-0.11882
"04/09/2016 08:40:29",51.56869,-0.11876
"04/09/2016 08:40:34",51.56871,-0.11874
"04/09/2016 08:40:39",51.56872,-0.1187
"04/09/2016 08:40:44",51.56875,-0.11866
"04/09/2016 08:40:49",51.56878,-0.11859
"04/09/2016 08:40:53",51.56875,-0.11865
"04/09/2016 08:42:49",51.56875,-0.11865
"04/09/2016 08:42:54",51.56872,-0.11872
"04/09/2016 08:42:59",51.56868,-0.11879
"04/09/2016 08:43:04",51.56853,-0.1191
"04/09/2016 08:43:09",51.56859,-0.11895
"04/09/2016 08:43:14",51.56853,-0.1191
"04/09/2016 08:43:19",51.56852,-0.11911
"04/09/2016 08:43:24",51.56848,-0.11919
"04/09/2016 08:46:15",51.56847,-0.11922
"04/09/2016 08:46:20",51.56838,-0.11939
"04/09/2016 08:46:25",51.56818,-0.11979
"04/09/2016 08:46:30",51.56795,-0.12027
"04/09/2016 08:46:35",51.56769,-0.12078
"04/09/2016 08:46:40",51.56746,-0.12125
"04/09/2016 08:46:45",51.56729,-0.12158
"04/09/2016 08:46:50",51.56719,-0.12178
"04/09/2016 08:46:55",51.56696,-0.12194
"04/09/2016 08:47:50",51.56696,-0.12193
"04/09/2016 08:47:55",51.56682,-0.12181
"04/09/2016 08:48:00",51.56652,-0.12153
"04/09/2016 08:48:05",51.56627,-0.12131
"04/09/2016 08:48:10",51.56618,-0.12123
"04/09/2016 08:48:15",51.56602,-0.12108
"04/09/2016 08:48:20",51.56571,-0.12077
"04/09/2016 08:48:25",51.56535,-0.12041
"04/09/2016 08:48:30",51.56499,-0.12005
"04/09/2016 08:48:35",51.56462,-0.11966
"04/09/2016 08:48:40",51.56429,-0.11931
"04/09/2016 08:48:45",51.56405,-0.11905
"04/09/2016 08:48:50",51.56385,-0.11884
"04/09/2016 08:48:55",51.56379,-0.11877
"04/09/2016 08:49:24",51.5638,-0.11879
"04/09/2016 08:49:30",51.56373,-0.11872
"04/09/2016 08:49:35",51.56347,-0.11846
"04/09/2016 08:49:40",51.56319,-0.11819
"04/09/2016 08:49:45",51.56289,-0.11787
"04/09/2016 08:49:50",51.56261,-0.11757
"04/09/2016 08:49:55",51.56237,-0.11732
"04/09/2016 08:50:00",51.56214,-0.11707
"04/09/2016 08:50:05",51.56184,-0.11677
"04/09/2016 08:50:10",51.56152,-0.11644
"04/09/2016 08:50:15",51.5612,-0.11611
"04/09/2016 08:50:20",51.56088,-0.11578
"04/09/2016 08:50:25",51.56059,-0.11548
"04/09/2016 08:50:30",51.56038,-0.11526
"04/09/2016 08:50:35",51.56031,-0.11518
"04/09/2016 08:50:50",51.56028,-0.11515
"04/09/2016 08:50:55",51.56026,-0.11493
"04/09/2016 08:51:00",51.56043,-0.11462
"04/09/2016 08:51:05",51.56077,-0.11402
"04/09/2016 08:51:10",51.56109,-0.11341
"04/09/2016 08:51:15",51.56141,-0.11274
"04/09/2016 08:51:20",51.56165,-0.11203
"04/09/2016 08:51:25",51.56188,-0.11128
"04/09/2016 08:51:30",51.5621,-0.11069
"04/09/2016 08:51:35",51.56233,-0.11005
"04/09/2016 08:51:40",51.56257,-0.10938
"04/09/2016 08:51:45",51.56276,-0.10891
"04/09/2016 08:51:50",51.56289,-0.10853
"04/09/2016 08:51:55",51.56304,-0.10811
"04/09/2016 08:52:00",51.5631,-0.10789
"04/09/2016 08:52:05",51.56331,-0.10738
"04/09/2016 08:52:10",51.56352,-0.10693
"04/09/2016 08:52:15",51.56374,-0.10652
"04/09/2016 08:52:20",51.56386,-0.10625
"04/09/2016 08:52:25",51.56405,-0.10585
"04/09/2016 08:52:30",51.5643,-0.10534
"04/09/2016 08:52:35",51.56456,-0.10482
"04/09/2016 08:52:40",51.56473,-0.10443
"04/09/2016 08:52:45",51.56474,-0.10439
"04/09/2016 08:52:50",51.5645,-0.10409
"04/09/2016 08:52:55",51.56433,-0.10379
"04/09/2016 08:53:00",51.56412,-0.10345
"04/09/2016 08:53:05",51.56387,-0.10302
"04/09/2016 08:53:11",51.56358,-0.10257
"04/09/2016 08:53:16",51.56333,-0.10217
"04/09/2016 08:53:21",51.56313,-0.10191
"04/09/2016 08:53:26",51.56288,-0.10158
"04/09/2016 08:53:31",51.56263,-0.10117
"04/09/2016 08:53:36",51.5624,-0.1008
"04/09/2016 08:53:41",51.56216,-0.10042
"04/09/2016 08:53:46",51.56191,-0.10007
"04/09/2016 08:53:51",51.56175,-0.09983
"04/09/2016 08:53:56",51.56171,-0.09977
"04/09/2016 08:54:11",51.56169,-0.09974
"04/09/2016 08:54:16",51.56156,-0.09954
"04/09/2016 08:54:21",51.56153,-0.09939
"04/09/2016 08:54:26",51.56168,-0.09904
"04/09/2016 08:54:31",51.56184,-0.09868
"04/09/2016 08:54:36",51.56192,-0.09846
"04/09/2016 08:54:41",51.56208,-0.09808
"04/09/2016 08:54:46",51.56219,-0.0978
"04/09/2016 08:54:51",51.56228,-0.09747
"04/09/2016 08:54:56",51.5624,-0.09706
"04/09/2016 08:55:01",51.56257,-0.09657
"04/09/2016 08:55:06",51.5627,-0.09615
"04/09/2016 08:55:11",51.56285,-0.09566
"04/09/2016 08:55:16",51.56303,-0.09514
"04/09/2016 08:55:21",51.56314,-0.09478
"04/09/2016 08:55:26",51.56332,-0.09424
"04/09/2016 08:55:31",51.56352,-0.09364
"04/09/2016 08:55:36",51.56371,-0.09307
"04/09/2016 08:55:41",51.56381,-0.09279
"04/09/2016 08:55:51",51.56383,-0.09273
"04/09/2016 08:55:56",51.56384,-0.09273
"04/09/2016 08:56:16",51.56385,-0.09268
"04/09/2016 08:56:21",51.56391,-0.09251
"04/09/2016 08:56:26",51.56384,-0.09236
"04/09/2016 08:56:31",51.56357,-0.09223
"04/09/2016 08:56:36",51.56331,-0.09211
"04/09/2016 08:56:41",51.56302,-0.09198
"04/09/2016 08:56:46",51.56268,-0.09187
"04/09/2016 08:56:51",51.56233,-0.09176
"04/09/2016 08:56:56",51.56201,-0.09171
"04/09/2016 08:57:01",51.56165,-0.09171
"04/09/2016 08:57:06",51.56128,-0.09171
"04/09/2016 08:57:11",51.56093,-0.09171
"04/09/2016 08:57:16",51.5606,-0.09171
"04/09/2016 08:57:21",51.56025,-0.09169
"04/09/2016 08:57:26",51.55997,-0.09157
"04/09/2016 08:57:31",51.55965,-0.09139
"04/09/2016 08:57:36",51.55928,-0.09119
"04/09/2016 08:57:41",51.55893,-0.09099
"04/09/2016 08:57:46",51.55858,-0.09079
"04/09/2016 08:57:51",51.55828,-0.09062
"04/09/2016 08:57:56",51.55803,-0.09051
"04/09/2016 08:58:01",51.55778,-0.09042
"04/09/2016 08:58:06",51.55779,-0.09013
"04/09/2016 08:58:11",51.55787,-0.08987
"04/09/2016 08:58:16",51.55801,-0.08958
"04/09/2016 08:58:21",51.5581,-0.08935
"04/09/2016 08:58:26",51.55795,-0.08918
"04/09/2016 08:58:31",51.55781,-0.08902
"04/09/2016 08:58:36",51.55778,-0.0888
"04/09/2016 08:58:41",51.55781,-0.08857
"04/09/2016 08:58:46",51.55784,-0.08829
"04/09/2016 08:58:51",51.55778,-0.08809
"04/09/2016 08:58:56",51.55767,-0.08791
"04/09/2016 08:59:01",51.55758,-0.08779
"04/09/2016 08:59:06",51.55747,-0.08758
"04/09/2016 08:59:11",51.55739,-0.08731
"04/09/2016 08:59:16",51.55731,-0.08705
"04/09/2016 08:59:21",51.55724,-0.08678
"04/09/2016 08:59:26",51.55716,-0.08652
"04/09/2016 08:59:31",51.55709,-0.08625
"04/09/2016 08:59:36",51.55707,-0.08604
"04/09/2016 08:59:41",51.55706,-0.08574
"04/09/2016 08:59:46",51.55704,-0.08533
"04/09/2016 08:59:51",51.55702,-0.085
"04/09/2016 08:59:56",51.55701,-0.0848
"04/09/2016 09:00:01",51.557,-0.08462
"04/09/2016 09:00:06",51.55698,-0.0844
"04/09/2016 09:00:11",51.55687,-0.08417
"04/09/2016 09:00:16",51.55679,-0.084
"04/09/2016 09:00:21",51.55675,-0.0839
"04/09/2016 09:00:26",51.55675,-0.0839
"04/09/2016 09:00:31",51.55671,-0.08407
"04/09/2016 09:00:36",51.55664,-0.08434
"04/09/2016 09:00:41",51.55657,-0.08468
"04/09/2016 09:00:46",51.55655,-0.0849
"04/09/2016 09:00:51",51.55655,-0.085
"04/09/2016 09:00:56",51.55654,-0.08514
"04/09/2016 09:01:01",51.55653,-0.08551
"04/09/2016 09:01:06",51.55654,-0.08587
"04/09/2016 09:01:11",51.55658,-0.08614
"04/09/2016 09:01:16",51.55663,-0.08645
"04/09/2016 09:01:22",51.55668,-0.08677
"04/09/2016 09:01:27",51.55672,-0.08703
"04/09/2016 09:01:32",51.55676,-0.08719
"04/09/2016 09:01:37",51.5568,-0.0873
"04/09/2016 09:01:42",51.55684,-0.08746
"04/09/2016 09:01:47",51.5569,-0.08764
"04/09/2016 09:01:52",51.55698,-0.08782
"04/09/2016 09:01:57",51.55704,-0.08795
"04/09/2016 09:02:02",51.55709,-0.08805
"04/09/2016 09:02:07",51.55717,-0.08821
"04/09/2016 09:02:12",51.55724,-0.08835
"04/09/2016 09:02:31",51.55727,-0.0884
"04/09/2016 09:02:37",51.55728,-0.08844
"04/09/2016 09:02:47",51.55731,-0.08847
"04/09/2016 09:02:52",51.55741,-0.08858
"04/09/2016 09:02:57",51.55754,-0.08872
"04/09/2016 09:03:02",51.55766,-0.08885
"04/09/2016 09:03:07",51.55776,-0.08895
"04/09/2016 09:03:12",51.55779,-0.08873
"04/09/2016 09:03:17",51.55782,-0.08845
"04/09/2016 09:03:22",51.55785,-0.08828
"04/09/2016 09:03:27",51.55782,-0.08816
"04/09/2016 09:03:32",51.55779,-0.0881
"04/09/2016 09:03:37",51.55775,-0.08805
"04/09/2016 09:05:51",51.55778,-0.08809
"04/09/2016 09:05:57",51.55779,-0.08811
"04/09/2016 09:11:13",51.55782,-0.08815
"04/09/2016 09:11:18",51.55783,-0.08816
"04/09/2016 09:11:58",51.55781,-0.08814
"04/09/2016 09:12:03",51.55779,-0.08811
"04/09/2016 09:12:08",51.55776,-0.08806
"04/09/2016 09:12:13",51.55773,-0.088
"04/09/2016 09:12:18",51.55768,-0.08793
"04/09/2016 09:12:23",51.55763,-0.08786
"04/09/2016 09:12:28",51.55758,-0.08778
"04/09/2016 09:14:03",51.55758,-0.08778
"04/09/2016 09:14:08",51.55765,-0.08787
"04/09/2016 09:14:13",51.55766,-0.0879
"04/09/2016 09:14:19",51.55768,-0.08793
"04/09/2016 09:14:24",51.55771,-0.08798
"04/09/2016 09:14:29",51.55775,-0.08804
"04/09/2016 09:14:34",51.55777,-0.08808
"04/09/2016 09:14:39",51.55781,-0.08813
"04/09/2016 09:14:44",51.55786,-0.08821
"04/09/2016 09:14:49",51.5578,-0.08813
"04/09/2016 09:17:04",51.5578,-0.08811
"04/09/2016 09:17:09",51.55766,-0.0879
"04/09/2016 09:17:14",51.55766,-0.0879
"04/09/2016 09:17:19",51.5578,-0.08811
"04/09/2016 09:17:24",51.55766,-0.0879
"04/09/2016 09:17:28",51.55766,-0.0879
"04/09/2016 09:17:34",51.55776,-0.08805
"04/09/2016 09:17:39",51.55766,-0.0879
"04/09/2016 09:17:44",51.55766,-0.08791
"04/09/2016 09:17:49",51.55748,-0.08762
"04/09/2016 09:17:54",51.55744,-0.0875
"04/09/2016 09:17:59",51.55736,-0.08723
"04/09/2016 09:18:04",51.5573,-0.08702
"04/09/2016 09:18:09",51.55725,-0.0868
"04/09/2016 09:18:14",51.55713,-0.08642
"04/09/2016 09:18:19",51.55707,-0.08607
"04/09/2016 09:18:24",51.55705,-0.08566
"04/09/2016 09:18:29",51.55704,-0.08535
"04/09/2016 09:18:34",51.55702,-0.08499
"04/09/2016 09:18:39",51.557,-0.08455
"04/09/2016 09:18:44",51.55693,-0.08429
"04/09/2016 09:18:49",51.55685,-0.08412
"04/09/2016 09:18:54",51.55679,-0.084
"04/09/2016 09:18:59",51.55675,-0.0839
"04/09/2016 09:19:04",51.55668,-0.08417
"04/09/2016 09:19:09",51.55658,-0.08462
"04/09/2016 09:19:14",51.55655,-0.08502
"04/09/2016 09:19:19",51.55653,-0.08534
"04/09/2016 09:19:24",51.55654,-0.0858
"04/09/2016 09:19:29",51.55659,-0.08618
"04/09/2016 09:19:34",51.55664,-0.08649
"04/09/2016 09:19:39",51.5567,-0.08692
"04/09/2016 09:19:44",51.55678,-0.08726
"04/09/2016 09:19:49",51.55686,-0.08752
"04/09/2016 09:19:54",51.55695,-0.08777
"04/09/2016 09:19:59",51.55711,-0.08809
"04/09/2016 09:20:04",51.55725,-0.08836
"04/09/2016 09:20:09",51.5574,-0.08857
"04/09/2016 09:20:14",51.55758,-0.08877
"04/09/2016 09:20:19",51.55776,-0.08897
"04/09/2016 09:20:25",51.55799,-0.08922
"04/09/2016 09:20:30",51.55809,-0.08941
"04/09/2016 09:20:35",51.55797,-0.08967
"04/09/2016 09:20:40",51.55784,-0.08998
"04/09/2016 09:20:45",51.55778,-0.09016
"04/09/2016 09:20:50",51.5577,-0.0904
"04/09/2016 09:21:10",51.55772,-0.0904
"04/09/2016 09:21:15",51.55795,-0.09048
"04/09/2016 09:21:20",51.55834,-0.09066
"04/09/2016 09:21:25",51.55869,-0.09085
"04/09/2016 09:21:30",51.55902,-0.09104
"04/09/2016 09:21:35",51.55937,-0.09123
"04/09/2016 09:21:40",51.5597,-0.09142
"04/09/2016 09:21:45",51.55998,-0.09158
"04/09/2016 09:21:50",51.56012,-0.09164
"04/09/2016 09:21:55",51.56029,-0.09169
"04/09/2016 09:22:00",51.56071,-0.09171
"04/09/2016 09:22:05",51.5611,-0.09171
"04/09/2016 09:22:10",51.56148,-0.09171
"04/09/2016 09:22:15",51.56192,-0.09171
"04/09/2016 09:22:20",51.56234,-0.09177
"04/09/2016 09:22:25",51.56273,-0.09188
"04/09/2016 09:22:30",51.5631,-0.09201
"04/09/2016 09:22:35",51.56345,-0.09218
"04/09/2016 09:22:40",51.5637,-0.0923
"04/09/2016 09:23:05",51.56373,-0.09231
"04/09/2016 09:23:10",51.56385,-0.09237
"04/09/2016 09:23:15",51.56398,-0.09224
"04/09/2016 09:23:20",51.56411,-0.09166
"04/09/2016 09:23:25",51.56422,-0.09113
"04/09/2016 09:23:30",51.56432,-0.09074
"04/09/2016 09:23:35",51.56444,-0.09025
"04/09/2016 09:23:40",51.56458,-0.08973
"04/09/2016 09:23:45",51.56468,-0.08931
"04/09/2016 09:23:50",51.56484,-0.08869
"04/09/2016 09:23:55",51.56499,-0.08809
"04/09/2016 09:24:00",51.56513,-0.08753
"04/09/2016 09:24:05",51.56527,-0.08694
"04/09/2016 09:24:10",51.56543,-0.08631
"04/09/2016 09:24:15",51.56559,-0.08572
"04/09/2016 09:24:20",51.56571,-0.08522
"04/09/2016 09:24:25",51.56586,-0.08467
"04/09/2016 09:24:30",51.56599,-0.08413
"04/09/2016 09:24:35",51.56614,-0.08355
"04/09/2016 09:24:40",51.5663,-0.08294
"04/09/2016 09:24:46",51.56649,-0.08223
"04/09/2016 09:24:51",51.56665,-0.08158
"04/09/2016 09:24:56",51.56681,-0.081
"04/09/2016 09:25:01",51.56695,-0.08042
"04/09/2016 09:25:06",51.56709,-0.07985
"04/09/2016 09:25:11",51.56717,-0.07928
"04/09/2016 09:25:16",51.56723,-0.07872
"04/09/2016 09:25:21",51.56728,-0.07835
"04/09/2016 09:25:26",51.56736,-0.07841
"04/09/2016 09:25:31",51.56754,-0.07852
"04/09/2016 09:25:36",51.56767,-0.07861
"04/09/2016 09:25:41",51.56775,-0.07866
"04/09/2016 09:25:46",51.56797,-0.0788
"04/09/2016 09:25:51",51.56818,-0.07894
"04/09/2016 09:25:56",51.56842,-0.07909
"04/09/2016 09:26:01",51.56867,-0.07926
"04/09/2016 09:26:06",51.56892,-0.07942
"04/09/2016 09:26:11",51.569,-0.07947
"04/09/2016 09:26:16",51.56915,-0.07956
"04/09/2016 09:26:21",51.56943,-0.07979
"04/09/2016 09:26:26",51.56968,-0.08003
"04/09/2016 09:26:31",51.56991,-0.08025
"04/09/2016 09:26:36",51.57003,-0.08037
"04/09/2016 09:26:41",51.57012,-0.08045
"04/09/2016 09:26:46",51.57023,-0.08055
"04/09/2016 09:26:51",51.57027,-0.08059
"04/09/2016 09:27:06",51.57028,-0.0806
"04/09/2016 09:27:11",51.57043,-0.08073
"04/09/2016 09:27:16",51.57059,-0.08087
"04/09/2016 09:27:21",51.57078,-0.08103
"04/09/2016 09:27:26",51.57095,-0.08118
"04/09/2016 09:27:31",51.57112,-0.08133
"04/09/2016 09:27:36",51.57135,-0.08153
"04/09/2016 09:27:41",51.57158,-0.08172
"04/09/2016 09:27:46",51.57179,-0.08191
"04/09/2016 09:27:51",51.572,-0.08209
"04/09/2016 09:27:56",51.57215,-0.08222
"04/09/2016 09:28:01",51.57224,-0.08229
"04/09/2016 09:28:06",51.57229,-0.08234
"04/09/2016 09:28:11",51.57236,-0.0824
"04/09/2016 09:28:46",51.57234,-0.08238
"04/09/2016 09:28:51",51.57232,-0.08237
"04/09/2016 09:31:15",51.57229,-0.08234
"04/09/2016 09:31:21",51.57228,-0.08233
"04/09/2016 09:31:26",51.57225,-0.0823
"04/09/2016 09:31:30",51.57223,-0.08229
"04/09/2016 09:41:23",51.57225,-0.08231
"04/09/2016 09:41:28",51.5723,-0.08235
"04/09/2016 09:41:33",51.57236,-0.0824
"04/09/2016 09:41:38",51.5724,-0.08242
"04/09/2016 09:41:43",51.57245,-0.08247
"04/09/2016 09:41:48",51.57251,-0.08252
"04/09/2016 09:41:53",51.57256,-0.08256
"04/09/2016 09:41:58",51.57261,-0.0826
"04/09/2016 09:53:04",51.57262,-0.08261
"04/09/2016 09:53:09",51.57265,-0.08263
"04/09/2016 09:53:24",51.57264,-0.08263
"04/09/2016 09:53:29",51.5726,-0.0826
"04/09/2016 09:53:34",51.57252,-0.08253
"04/09/2016 09:53:39",51.57247,-0.08249
"04/09/2016 09:53:44",51.57242,-0.08244
"04/09/2016 09:53:49",51.57236,-0.08238
"04/09/2016 09:53:54",51.57228,-0.08232
"04/09/2016 09:53:59",51.57224,-0.08229
"04/09/2016 09:54:50",51.57221,-0.08226
"04/09/2016 09:54:55",51.57219,-0.08224
"04/09/2016 09:55:50",51.57219,-0.08224
"04/09/2016 09:55:55",51.57223,-0.08228
"04/09/2016 09:57:10",51.57223,-0.08228
"04/09/2016 09:57:15",51.5724,-0.08243
"04/09/2016 09:57:20",51.57273,-0.0827
"04/09/2016 09:57:25",51.57289,-0.08285
"04/09/2016 09:57:30",51.57315,-0.08304
"04/09/2016 09:57:35",51.57346,-0.08321
"04/09/2016 09:57:40",51.57373,-0.08334
"04/09/2016 09:57:45",51.57398,-0.08343
"04/09/2016 09:57:50",51.57418,-0.08349
"04/09/2016 09:57:55",51.57427,-0.08353
"04/09/2016 09:58:00",51.57434,-0.08355
"04/09/2016 09:58:05",51.5746,-0.08364
"04/09/2016 09:58:10",51.57464,-0.08366
"04/09/2016 09:58:15",51.57466,-0.08366
"04/09/2016 09:58:20",51.57468,-0.08384
"04/09/2016 09:58:25",51.57462,-0.08448
"04/09/2016 09:58:30",51.57452,-0.0854
"04/09/2016 09:58:35",51.57435,-0.08615
"04/09/2016 09:58:40",51.57408,-0.08661
"04/09/2016 09:58:45",51.57374,-0.08716
"04/09/2016 09:58:50",51.57337,-0.08805
"04/09/2016 09:58:55",51.57302,-0.08899
"04/09/2016 09:59:00",51.57271,-0.08982
"04/09/2016 09:59:05",51.57246,-0.0905
"04/09/2016 09:59:10",51.57226,-0.09053
"04/09/2016 09:59:15",51.57199,-0.09022
"04/09/2016 09:59:20",51.57186,-0.09009
"04/09/2016 09:59:25",51.57167,-0.08991
"04/09/2016 09:59:30",51.57159,-0.08983
"04/09/2016 09:59:35",51.57152,-0.08977
"04/09/2016 09:59:40",51.57147,-0.09013
"04/09/2016 09:59:45",51.57147,-0.09017
"04/09/2016 09:59:50",51.57146,-0.09022
"04/09/2016 09:59:55",51.57166,-0.08975
"04/09/2016 10:00:00",51.57177,-0.08991
"04/09/2016 10:00:05",51.57192,-0.09015
"04/09/2016 10:00:10",51.57192,-0.09015
"04/09/2016 10:00:15",51.57157,-0.0905
"04/09/2016 10:00:20",51.5716,-0.09007
"04/09/2016 10:00:25",51.5717,-0.08994
"04/09/2016 10:00:30",51.57158,-0.08982
"04/09/2016 10:00:35",51.57152,-0.08977
"04/09/2016 10:03:21",51.57156,-0.0898
"04/09/2016 10:03:26",51.57159,-0.08983
"04/09/2016 10:03:31",51.57152,-0.08977
"04/09/2016 10:03:36",51.57157,-0.08981
"04/09/2016 10:03:41",51.57152,-0.08977
"04/09/2016 10:10:26",51.57153,-0.08977
"04/09/2016 10:10:31",51.57157,-0.08981
"04/09/2016 10:10:36",51.57173,-0.08997
"04/09/2016 10:10:41",51.57173,-0.08997
"04/09/2016 10:10:47",51.5715,-0.09
"04/09/2016 10:10:52",51.57148,-0.09011
"04/09/2016 10:12:17",51.57148,-0.09011
"04/09/2016 10:12:22",51.57149,-0.08995
"04/09/2016 10:12:27",51.57113,-0.08937
"04/09/2016 10:12:32",51.57081,-0.08905
"04/09/2016 10:12:37",51.57047,-0.08872
"04/09/2016 10:12:42",51.57023,-0.08849
"04/09/2016 10:12:47",51.56987,-0.08813
"04/09/2016 10:12:52",51.5696,-0.08786
"04/09/2016 10:12:57",51.56928,-0.08755
"04/09/2016 10:13:02",51.56901,-0.08729
"04/09/2016 10:13:07",51.5687,-0.08698
"04/09/2016 10:13:12",51.56838,-0.08666
"04/09/2016 10:13:17",51.56816,-0.08645
"04/09/2016 10:13:22",51.56779,-0.08608
"04/09/2016 10:13:27",51.56752,-0.08581
"04/09/2016 10:13:32",51.56718,-0.08549
"04/09/2016 10:13:37",51.5669,-0.08531
"04/09/2016 10:13:42",51.56654,-0.08507
"04/09/2016 10:13:47",51.56626,-0.08494
"04/09/2016 10:13:52",51.56594,-0.08479
"04/09/2016 10:13:57",51.56584,-0.08475
"04/09/2016 10:14:02",51.56577,-0.08499
"04/09/2016 10:14:07",51.5656,-0.08568
"04/09/2016 10:14:12",51.56539,-0.08649
"04/09/2016 10:14:17",51.56519,-0.08727
"04/09/2016 10:14:22",51.56511,-0.08766
"04/09/2016 10:14:27",51.56526,-0.08776
"04/09/2016 10:14:32",51.56544,-0.08789
"04/09/2016 10:14:37",51.56556,-0.08797
"04/09/2016 10:14:42",51.56573,-0.08808
"04/09/2016 10:21:48",51.56576,-0.08811
"04/09/2016 10:21:53",51.56588,-0.08818
"04/09/2016 10:22:13",51.56588,-0.08818
"04/09/2016 10:22:18",51.56601,-0.08827
"04/09/2016 10:22:23",51.5663,-0.08847
"04/09/2016 10:22:28",51.56637,-0.08852
"04/09/2016 10:22:32",51.56643,-0.08849
"04/09/2016 10:22:48",51.56643,-0.0885
"04/09/2016 10:22:53",51.56585,-0.08816
"04/09/2016 10:22:58",51.56543,-0.08787
"04/09/2016 10:23:03",51.56516,-0.08769
"04/09/2016 10:23:13",51.56516,-0.08769
"04/09/2016 10:23:18",51.56511,-0.08759
"04/09/2016 10:23:23",51.56519,-0.08729
"04/09/2016 10:23:28",51.56538,-0.08651
"04/09/2016 10:23:33",51.5656,-0.08565
"04/09/2016 10:23:38",51.56572,-0.0852
"04/09/2016 10:23:53",51.56572,-0.08519
"04/09/2016 10:23:58",51.56585,-0.08471
"04/09/2016 10:24:03",51.56606,-0.08387
"04/09/2016 10:24:08",51.56628,-0.08301
"04/09/2016 10:24:13",51.56651,-0.08215
"04/09/2016 10:24:18",51.56665,-0.0816
"04/09/2016 10:24:23",51.56684,-0.08108
"04/09/2016 10:24:28",51.56692,-0.08109
"04/09/2016 10:24:33",51.56721,-0.08111
"04/09/2016 10:24:38",51.56756,-0.08113
"04/09/2016 10:24:43",51.56783,-0.08115
"04/09/2016 10:24:48",51.56807,-0.08121
"04/09/2016 10:24:53",51.56812,-0.08124
"04/09/2016 10:24:58",51.56821,-0.08128
"04/09/2016 10:25:08",51.56825,-0.08129
"04/09/2016 10:25:13",51.56848,-0.08139
"04/09/2016 10:25:18",51.56884,-0.08157
"04/09/2016 10:25:23",51.56907,-0.08171
"04/09/2016 10:25:28",51.5693,-0.08185
"04/09/2016 10:25:33",51.56967,-0.0821
"04/09/2016 10:25:38",51.5698,-0.08218
"04/09/2016 10:25:43",51.5699,-0.08206
"04/09/2016 10:25:48",51.56992,-0.08197
"04/09/2016 10:25:53",51.56998,-0.08175
"04/09/2016 10:25:58",51.57012,-0.08125
"04/09/2016 10:26:03",51.57026,-0.08073
"04/09/2016 10:26:08",51.57035,-0.08041
"04/09/2016 10:26:13",51.57045,-0.07999
"04/09/2016 10:26:18",51.57052,-0.07974
"04/09/2016 10:26:23",51.57062,-0.07978
"04/09/2016 10:26:28",51.57081,-0.07983
"04/09/2016 10:26:33",51.57115,-0.07992
"04/09/2016 10:26:38",51.57152,-0.08002
"04/09/2016 10:26:43",51.57163,-0.08003
"04/09/2016 10:26:48",51.57173,-0.07998
"04/09/2016 10:26:53",51.57181,-0.07994
"04/09/2016 10:27:03",51.57185,-0.07992
"04/09/2016 10:27:08",51.57199,-0.07985
"04/09/2016 10:27:13",51.57204,-0.07983
"04/09/2016 10:27:18",51.57205,-0.07982
"04/09/2016 10:27:23",51.57217,-0.07976
"04/09/2016 10:27:28",51.57221,-0.07974
"04/09/2016 10:27:33",51.57223,-0.07973
"04/09/2016 10:27:38",51.57227,-0.07971
"04/09/2016 10:27:43",51.57231,-0.0797
"04/09/2016 10:31:03",51.57232,-0.07969
"04/09/2016 10:31:09",51.57238,-0.07966
"04/09/2016 10:31:14",51.5726,-0.07955
"04/09/2016 10:31:19",51.57265,-0.07953
"04/09/2016 10:31:34",51.57268,-0.07952
"04/09/2016 10:31:39",51.5727,-0.07951
"04/09/2016 10:31:44",51.57292,-0.0794
"04/09/2016 10:31:49",51.57321,-0.07927
"04/09/2016 10:31:54",51.57348,-0.07914
"04/09/2016 10:31:59",51.5738,-0.07899
"04/09/2016 10:32:04",51.57413,-0.07882
"04/09/2016 10:32:09",51.57447,-0.07866
"04/09/2016 10:32:14",51.57459,-0.0786
"04/09/2016 10:32:19",51.57467,-0.07865
"04/09/2016 10:32:24",51.57471,-0.079
"04/09/2016 10:32:29",51.5748,-0.07984
"04/09/2016 10:32:34",51.57484,-0.08067
"04/09/2016 10:32:39",51.57482,-0.08155
"04/09/2016 10:32:44",51.57477,-0.08255
"04/09/2016 10:32:49",51.57473,-0.08308
"04/09/2016 10:32:54",51.57473,-0.08318
"04/09/2016 10:32:59",51.57473,-0.08316
"04/09/2016 10:33:04",51.5747,-0.08357
"04/09/2016 10:33:09",51.57461,-0.08451
"04/09/2016 10:33:14",51.57451,-0.08549
"04/09/2016 10:33:19",51.5744,-0.0861
"04/09/2016 10:33:24",51.57442,-0.08623
"04/09/2016 10:33:44",51.57442,-0.08623
"04/09/2016 10:33:49",51.57451,-0.08629
"04/09/2016 10:33:54",51.57454,-0.08627
"04/09/2016 10:33:59",51.57473,-0.086
"04/09/2016 10:34:04",51.57513,-0.08557
"04/09/2016 10:34:09",51.57557,-0.08513
"04/09/2016 10:34:14",51.57606,-0.08463
"04/09/2016 10:34:19",51.57658,-0.08411
"04/09/2016 10:34:24",51.57709,-0.08357
"04/09/2016 10:34:29",51.57756,-0.08306
"04/09/2016 10:34:34",51.5779,-0.08277
"04/09/2016 10:34:39",51.57795,-0.08289
"04/09/2016 10:34:44",51.57807,-0.08322
"04/09/2016 10:34:49",51.57818,-0.08348
"04/09/2016 10:34:54",51.57833,-0.08384
"04/09/2016 10:34:59",51.57857,-0.08442
"04/09/2016 10:35:04",51.57865,-0.08461
"04/09/2016 10:35:09",51.57865,-0.08468
"04/09/2016 10:35:14",51.57865,-0.08474
"04/09/2016 10:35:19",51.57865,-0.08484
"04/09/2016 10:35:24",51.57865,-0.08515
"04/09/2016 10:35:29",51.57864,-0.08518
"04/09/2016 10:35:34",51.57863,-0.0854
"04/09/2016 10:35:39",51.5786,-0.08589
"04/09/2016 10:35:44",51.57861,-0.08629
"04/09/2016 10:35:49",51.57868,-0.08682
"04/09/2016 10:35:54",51.57872,-0.08708
"04/09/2016 10:35:59",51.57872,-0.08714
"04/09/2016 10:36:04",51.57846,-0.08731
"04/09/2016 10:36:09",51.57844,-0.08758
"04/09/2016 10:36:14",51.57842,-0.08791
"04/09/2016 10:36:19",51.5784,-0.08822
"04/09/2016 10:36:24",51.57838,-0.08845
"04/09/2016 10:36:29",51.57837,-0.08863
"04/09/2016 10:36:34",51.57836,-0.0888
"04/09/2016 10:37:33",51.57836,-0.08884
"04/09/2016 10:37:39",51.57832,-0.08889
"04/09/2016 10:41:30",51.57834,-0.08894
"04/09/2016 10:41:35",51.57836,-0.08884
"04/09/2016 10:41:40",51.57836,-0.08884
"04/09/2016 10:41:45",51.57834,-0.08897
"04/09/2016 10:41:55",51.57834,-0.08902
"04/09/2016 10:42:00",51.57832,-0.08929
"04/09/2016 10:42:05",51.57827,-0.08985
"04/09/2016 10:42:10",51.57825,-0.09021
"04/09/2016 10:42:15",51.57819,-0.09058
"04/09/2016 10:42:20",51.57788,-0.09056
"04/09/2016 10:42:25",51.57745,-0.09053
"04/09/2016 10:42:30",51.57721,-0.0904
"04/09/2016 10:42:35",51.57735,-0.09013
"04/09/2016 10:42:40",51.57764,-0.08954
"04/09/2016 10:42:45",51.57801,-0.08881
"04/09/2016 10:42:50",51.57828,-0.08827
"04/09/2016 10:42:55",51.57836,-0.0881
"04/09/2016 10:43:00",51.57842,-0.08794
"04/09/2016 10:43:05",51.57845,-0.08752
"04/09/2016 10:43:10",51.57849,-0.08722
"04/09/2016 10:43:15",51.57859,-0.08719
"04/09/2016 10:43:20",51.57888,-0.08708
"04/09/2016 10:43:25",51.57924,-0.08695
"04/09/2016 10:43:30",51.57977,-0.08674
"04/09/2016 10:43:35",51.58029,-0.08654
"04/09/2016 10:43:40",51.58074,-0.08636
"04/09/2016 10:43:45",51.58102,-0.08625
"04/09/2016 10:43:50",51.58114,-0.08643
"04/09/2016 10:43:55",51.58121,-0.08707
"04/09/2016 10:44:00",51.58132,-0.08791
"04/09/2016 10:44:05",51.58143,-0.08881
"04/09/2016 10:44:10",51.58155,-0.0897
"04/09/2016 10:44:15",51.58162,-0.09055
"04/09/2016 10:44:20",51.58158,-0.09133
"04/09/2016 10:44:25",51.58154,-0.09199
"04/09/2016 10:44:30",51.58146,-0.09287
"04/09/2016 10:44:35",51.58136,-0.09351
"04/09/2016 10:44:40",51.58126,-0.09412
"04/09/2016 10:44:45",51.58133,-0.09495
"04/09/2016 10:44:50",51.58148,-0.09587
"04/09/2016 10:44:55",51.58161,-0.09669
"04/09/2016 10:45:00",51.58163,-0.09738
"04/09/2016 10:45:05",51.58156,-0.09807
"04/09/2016 10:45:10",51.58149,-0.09886
"04/09/2016 10:45:15",51.58145,-0.09925
"04/09/2016 10:45:19",51.58144,-0.09934
"04/09/2016 10:46:30",51.58144,-0.09937
"04/09/2016 10:46:35",51.58142,-0.09953
"04/09/2016 10:46:41",51.58111,-0.09941
"04/09/2016 10:46:46",51.5807,-0.09933
"04/09/2016 10:46:51",51.58027,-0.09926
"04/09/2016 10:46:56",51.58015,-0.09924
"04/09/2016 10:47:01",51.58011,-0.09938
"04/09/2016 10:47:06",51.58008,-0.09971
"04/09/2016 10:47:11",51.58005,-0.10014
"04/09/2016 10:47:16",51.58002,-0.10053
"04/09/2016 10:47:21",51.58,-0.10092
"04/09/2016 10:47:26",51.57997,-0.10134
"04/09/2016 10:47:31",51.57994,-0.10178
"04/09/2016 10:47:36",51.57991,-0.10222
"04/09/2016 10:47:41",51.57988,-0.10264
"04/09/2016 10:47:46",51.57984,-0.1031
"04/09/2016 10:47:51",51.57982,-0.1035
"04/09/2016 10:47:56",51.57978,-0.10404
"04/09/2016 10:48:01",51.57975,-0.10449
"04/09/2016 10:48:06",51.57972,-0.10495
"04/09/2016 10:48:11",51.57966,-0.10506
"04/09/2016 10:48:16",51.57946,-0.10491
"04/09/2016 10:48:21",51.57914,-0.10469
"04/09/2016 10:48:26",51.57908,-0.10445
"04/09/2016 10:48:31",51.5791,-0.10417
"04/09/2016 10:48:36",51.57912,-0.10387
"04/09/2016 10:48:41",51.57915,-0.10344
"04/09/2016 10:48:46",51.57918,-0.10295
"04/09/2016 10:48:51",51.57921,-0.10254
"04/09/2016 10:48:56",51.57924,-0.10212
"04/09/2016 10:49:01",51.57927,-0.10166
"04/09/2016 10:49:06",51.5793,-0.10136
"04/09/2016 10:49:11",51.57931,-0.10113
"04/09/2016 10:49:16",51.57931,-0.10104
"04/09/2016 11:01:57",51.57932,-0.10101
"04/09/2016 11:02:02",51.57932,-0.1009
"04/09/2016 11:02:07",51.57933,-0.10076
"04/09/2016 11:02:12",51.57934,-0.10061
"04/09/2016 11:02:17",51.57936,-0.10045
"04/09/2016 11:02:22",51.57937,-0.10024
"04/09/2016 11:02:27",51.57941,-0.09975
"04/09/2016 11:02:32",51.57942,-0.09961
"04/09/2016 11:02:37",51.57945,-0.09931
"04/09/2016 11:02:42",51.57946,-0.09919
"04/09/2016 11:02:47",51.57964,-0.09914
"04/09/2016 11:02:52",51.57981,-0.09917
"04/09/2016 11:02:57",51.57985,-0.09918
"04/09/2016 11:03:02",51.57987,-0.09918
"04/09/2016 11:03:07",51.58003,-0.09921
"04/09/2016 11:03:12",51.58047,-0.09929
"04/09/2016 11:03:17",51.58088,-0.09937
"04/09/2016 11:03:22",51.58112,-0.09941
"04/09/2016 11:03:27",51.58133,-0.09946
"04/09/2016 11:03:32",51.58163,-0.09952
"04/09/2016 11:03:38",51.58203,-0.0996
"04/09/2016 11:03:43",51.58237,-0.09969
"04/09/2016 11:03:48",51.58241,-0.09958
"04/09/2016 11:03:53",51.5824,-0.09921
"04/09/2016 11:03:58",51.58234,-0.0987
"04/09/2016 11:04:03",51.58227,-0.0982
"04/09/2016 11:04:08",51.58208,-0.09788
"04/09/2016 11:04:13",51.58185,-0.09751
"04/09/2016 11:04:18",51.58172,-0.09726
"04/09/2016 11:04:23",51.58165,-0.09724
"04/09/2016 11:04:28",51.58163,-0.09742
"04/09/2016 11:04:33",51.58161,-0.09757
"04/09/2016 11:04:38",51.5816,-0.09767
"04/09/2016 11:05:48",51.5816,-0.09769
"04/09/2016 11:05:53",51.58167,-0.09753
"04/09/2016 11:05:58",51.58187,-0.09756
"04/09/2016 11:06:13",51.58187,-0.09756
"04/09/2016 11:06:18",51.58175,-0.0974
"04/09/2016 11:09:58",51.58178,-0.09737
"04/09/2016 11:10:02",51.58171,-0.09748
"04/09/2016 11:10:08",51.58161,-0.09765
"04/09/2016 11:12:13",51.5816,-0.09768
"04/09/2016 11:12:18",51.5816,-0.09776
"04/09/2016 11:12:23",51.58157,-0.098
"04/09/2016 11:12:28",51.58153,-0.09841
"04/09/2016 11:12:34",51.58149,-0.09878
"04/09/2016 11:12:39",51.58149,-0.09887
"04/09/2016 11:12:54",51.58148,-0.09889
"04/09/2016 11:12:59",51.58147,-0.099
"04/09/2016 11:13:04",51.58145,-0.0992
"04/09/2016 11:14:44",51.58145,-0.09924
"04/09/2016 11:14:49",51.58144,-0.09937
"04/09/2016 11:14:54",51.58128,-0.09945
"04/09/2016 11:14:59",51.581,-0.09939
"04/09/2016 11:15:04",51.58078,-0.09935
"04/09/2016 11:15:09",51.58052,-0.0993
"04/09/2016 11:15:14",51.58024,-0.09926
"04/09/2016 11:15:19",51.58006,-0.09922
"04/09/2016 11:15:34",51.58007,-0.09922
"04/09/2016 11:15:39",51.58001,-0.09921
"04/09/2016 11:15:44",51.57989,-0.09919
"04/09/2016 11:15:49",51.57978,-0.09916
"04/09/2016 11:15:54",51.57958,-0.09913
"04/09/2016 11:15:59",51.57951,-0.09911
"04/09/2016 11:16:04",51.57949,-0.09911
"04/09/2016 11:16:09",51.57942,-0.0991
"04/09/2016 11:16:14",51.57935,-0.09908
"04/09/2016 11:16:19",51.57924,-0.09906
"04/09/2016 11:16:24",51.57914,-0.09905
"04/09/2016 11:16:29",51.579,-0.09902
"04/09/2016 11:16:34",51.57889,-0.099
"04/09/2016 11:16:44",51.57886,-0.09899
"04/09/2016 11:16:49",51.57878,-0.09898
"04/09/2016 11:16:54",51.57865,-0.09896
"04/09/2016 11:16:59",51.57854,-0.09895
"04/09/2016 11:17:28",51.57853,-0.09894
"04/09/2016 11:17:34",51.57831,-0.0989
"04/09/2016 11:17:39",51.57799,-0.09885
"04/09/2016 11:17:44",51.57769,-0.0988
"04/09/2016 11:17:49",51.57752,-0.09877
"04/09/2016 11:17:54",51.57747,-0.09877
"04/09/2016 11:17:59",51.5774,-0.09875
"04/09/2016 11:18:04",51.57734,-0.09874
"04/09/2016 11:18:09",51.57705,-0.09867
"04/09/2016 11:18:14",51.57685,-0.09863
"04/09/2016 11:18:19",51.57677,-0.09861
"04/09/2016 11:18:39",51.57675,-0.09861
"04/09/2016 11:18:44",51.57648,-0.09856
"04/09/2016 11:18:49",51.57625,-0.09854
"04/09/2016 11:18:54",51.57615,-0.09852
"04/09/2016 11:18:59",51.57614,-0.09852
"04/09/2016 11:19:04",51.57607,-0.09852
"04/09/2016 11:19:09",51.57599,-0.0985
"04/09/2016 11:19:14",51.57589,-0.09849
"04/09/2016 11:19:18",51.57581,-0.09849
"04/09/2016 11:19:59",51.57579,-0.09848
"04/09/2016 11:20:04",51.57557,-0.09846
"04/09/2016 11:20:09",51.57515,-0.09834
"04/09/2016 11:20:14",51.57468,-0.09817
"04/09/2016 11:20:19",51.57419,-0.09789
"04/09/2016 11:20:24",51.57371,-0.09761
"04/09/2016 11:20:29",51.5732,-0.09734
"04/09/2016 11:20:34",51.57271,-0.09708
"04/09/2016 11:20:39",51.57225,-0.09683
"04/09/2016 11:20:44",51.5719,-0.09665
"04/09/2016 11:20:49",51.57177,-0.09658
"04/09/2016 11:20:54",51.57182,-0.09631
"04/09/2016 11:20:59",51.57193,-0.09602
"04/09/2016 11:21:04",51.57199,-0.09585
"04/09/2016 11:21:09",51.57199,-0.09582
"04/09/2016 11:21:14",51.57201,-0.09576
"04/09/2016 11:21:19",51.57208,-0.09559
"04/09/2016 11:21:24",51.57219,-0.09525
"04/09/2016 11:21:28",51.57229,-0.09499
"04/09/2016 11:21:34",51.57233,-0.09487
"04/09/2016 11:21:38",51.57244,-0.09456
"04/09/2016 11:21:44",51.57261,-0.09405
"04/09/2016 11:21:49",51.57272,-0.09375
"04/09/2016 11:21:54",51.57285,-0.0934
"04/09/2016 11:21:58",51.57292,-0.09312
"04/09/2016 11:22:05",51.57295,-0.09301
"04/09/2016 11:22:10",51.57299,-0.09287
"04/09/2016 11:22:14",51.57301,-0.09279
"04/09/2016 11:22:20",51.57307,-0.09254
"04/09/2016 11:22:24",51.57315,-0.09224
"04/09/2016 11:22:30",51.57326,-0.09184
"04/09/2016 11:22:34",51.5733,-0.09158
"04/09/2016 11:22:39",51.57311,-0.09138
"04/09/2016 11:22:44",51.57292,-0.09118
"04/09/2016 11:22:50",51.57279,-0.09104
"04/09/2016 11:22:54",51.57267,-0.09092
"04/09/2016 11:23:34",51.57266,-0.09091
"04/09/2016 11:23:39",51.57235,-0.09063
"04/09/2016 11:23:44",51.57201,-0.09025
"04/09/2016 11:23:50",51.57178,-0.09001
"04/09/2016 11:23:54",51.57152,-0.08977
"04/09/2016 11:23:59",51.57129,-0.08954
"04/09/2016 11:24:04",51.57097,-0.08921
"04/09/2016 11:24:09",51.57068,-0.08893
"04/09/2016 11:24:14",51.57049,-0.08874
"04/09/2016 11:24:19",51.57036,-0.08861
"04/09/2016 11:24:24",51.57018,-0.08843
"04/09/2016 11:24:29",51.56991,-0.08816
"04/09/2016 11:24:34",51.56976,-0.08802
"04/09/2016 11:24:39",51.56959,-0.08785
"04/09/2016 11:24:44",51.56931,-0.08757
"04/09/2016 11:24:49",51.56906,-0.08733
"04/09/2016 11:24:54",51.56885,-0.08712
"04/09/2016 11:24:59",51.56873,-0.08689
"04/09/2016 11:25:04",51.56882,-0.08665
"04/09/2016 11:25:09",51.56894,-0.08637
"04/09/2016 11:25:14",51.56907,-0.08596
"04/09/2016 11:25:19",51.56915,-0.08559
"04/09/2016 11:25:24",51.56916,-0.08555
"04/09/2016 11:25:29",51.56921,-0.08533
"04/09/2016 11:25:34",51.56923,-0.0852
"04/09/2016 11:25:39",51.56924,-0.08519
"04/09/2016 11:25:44",51.5693,-0.0849
"04/09/2016 11:25:49",51.56937,-0.08455
"04/09/2016 11:25:54",51.56945,-0.08418
"04/09/2016 11:25:59",51.56948,-0.084
"04/09/2016 11:26:24",51.5695,-0.08394
"04/09/2016 11:26:29",51.56953,-0.08376
"04/09/2016 11:26:34",51.56962,-0.08336
"04/09/2016 11:26:39",51.56971,-0.0829
"04/09/2016 11:26:45",51.5698,-0.0825
"04/09/2016 11:26:50",51.56986,-0.08219
"04/09/2016 11:26:54",51.56996,-0.08183
"04/09/2016 11:26:59",51.57007,-0.08142
"04/09/2016 11:27:04",51.57019,-0.08099
"04/09/2016 11:27:09",51.5703,-0.08059
"04/09/2016 11:27:19",51.57031,-0.08055
"04/09/2016 11:27:24",51.57039,-0.08024
"04/09/2016 11:27:29",51.57049,-0.07986
"04/09/2016 11:27:34",51.57053,-0.07942
"04/09/2016 11:27:39",51.57054,-0.0791
"04/09/2016 11:27:44",51.57055,-0.07885
"04/09/2016 11:27:49",51.57061,-0.07874
"04/09/2016 11:27:54",51.57067,-0.07874
"04/09/2016 11:27:59",51.57078,-0.07874
"04/09/2016 11:28:04",51.5709,-0.07873
"04/09/2016 11:28:09",51.57107,-0.07872
"04/09/2016 11:28:14",51.57118,-0.07872
"04/09/2016 11:28:19",51.57137,-0.07871
"04/09/2016 11:28:24",51.57154,-0.0787
"04/09/2016 11:28:29",51.57162,-0.0787
"04/09/2016 11:28:34",51.57165,-0.0787
"04/09/2016 11:28:38",51.57167,-0.0787
"04/09/2016 11:32:00",51.57163,-0.0787
"04/09/2016 11:32:05",51.57162,-0.0787
"04/09/2016 11:41:01",51.57166,-0.07869
"04/09/2016 11:41:06",51.57169,-0.07869
"04/09/2016 11:41:11",51.57177,-0.07869
"04/09/2016 11:41:16",51.57211,-0.07866
"04/09/2016 11:41:21",51.57219,-0.07863
"04/09/2016 11:41:26",51.57234,-0.07858
"04/09/2016 11:41:31",51.5725,-0.07848
"04/09/2016 11:41:36",51.57268,-0.07837
"04/09/2016 11:41:41",51.57282,-0.07828
"04/09/2016 11:41:46",51.57304,-0.07814
"04/09/2016 11:41:51",51.57329,-0.07798
"04/09/2016 11:41:56",51.57348,-0.07785
"04/09/2016 11:42:01",51.57364,-0.07775
"04/09/2016 11:42:06",51.57383,-0.07763
"04/09/2016 11:42:11",51.57403,-0.0775
"04/09/2016 11:42:16",51.57418,-0.07739
"04/09/2016 11:42:21",51.57429,-0.07731
"04/09/2016 11:42:26",51.57432,-0.07728
"04/09/2016 11:42:30",51.57435,-0.07726
"04/09/2016 11:42:36",51.57436,-0.07726
"04/09/2016 11:42:41",51.5744,-0.07723
"04/09/2016 11:42:46",51.57434,-0.07684
"04/09/2016 11:42:51",51.57426,-0.0764
"04/09/2016 11:42:56",51.57418,-0.07592
"04/09/2016 11:43:02",51.57409,-0.07545
"04/09/2016 11:43:06",51.57399,-0.07489
"04/09/2016 11:43:11",51.57389,-0.07437
"04/09/2016 11:43:16",51.57377,-0.07382
"04/09/2016 11:43:21",51.57367,-0.0733
"04/09/2016 11:43:26",51.57363,-0.07292
"04/09/2016 11:43:32",51.57361,-0.07278
"04/09/2016 11:43:37",51.57362,-0.07278
"04/09/2016 11:43:41",51.57355,-0.0725
"04/09/2016 11:43:47",51.57355,-0.0725
"04/09/2016 11:43:52",51.57358,-0.07264
"04/09/2016 11:43:57",51.57342,-0.07236
"04/09/2016 11:44:02",51.57315,-0.07242
"04/09/2016 11:44:07",51.5727,-0.07254
"04/09/2016 11:44:12",51.57222,-0.07268
"04/09/2016 11:44:17",51.57173,-0.07277
"04/09/2016 11:44:22",51.57128,-0.07279
"04/09/2016 11:44:27",51.57079,-0.0728
"04/09/2016 11:44:32",51.57026,-0.07282
"04/09/2016 11:44:37",51.56973,-0.07285
"04/09/2016 11:44:42",51.56921,-0.07287
"04/09/2016 11:44:47",51.5687,-0.07289
"04/09/2016 11:44:52",51.56836,-0.0729
"04/09/2016 11:44:57",51.56806,-0.07291
"04/09/2016 11:45:02",51.56773,-0.07291
"04/09/2016 11:45:07",51.56757,-0.07292
"04/09/2016 11:45:12",51.56755,-0.07292
"04/09/2016 11:45:17",51.56747,-0.07293
"04/09/2016 11:45:22",51.56734,-0.07294
"04/09/2016 11:45:27",51.56709,-0.07296
"04/09/2016 11:45:32",51.56676,-0.07299
"04/09/2016 11:45:37",51.56686,-0.07297
"04/09/2016 11:45:42",51.56682,-0.07298
"04/09/2016 11:45:47",51.5667,-0.07299
"04/09/2016 11:45:52",51.56639,-0.07301
"04/09/2016 11:45:57",51.56621,-0.07303
"04/09/2016 11:46:02",51.56615,-0.07303
"04/09/2016 11:46:07",51.56614,-0.07303
"04/09/2016 11:46:12",51.56601,-0.07305
"04/09/2016 11:46:22",51.56597,-0.07305
"04/09/2016 11:46:26",51.56596,-0.07305
"04/09/2016 11:46:52",51.56596,-0.07305
"04/09/2016 11:46:57",51.56584,-0.07307
"04/09/2016 11:47:02",51.56558,-0.0731
"04/09/2016 11:47:07",51.56532,-0.07311
"04/09/2016 11:47:12",51.56507,-0.07311
"04/09/2016 11:47:17",51.56468,-0.0731
"04/09/2016 11:47:22",51.56428,-0.07309
"04/09/2016 11:47:27",51.56417,-0.07309
"04/09/2016 11:47:32",51.5641,-0.07309
"04/09/2016 11:47:37",51.56403,-0.07309
"04/09/2016 11:47:42",51.56408,-0.07309
"04/09/2016 11:47:51",51.56408,-0.07309
"04/09/2016 11:47:57",51.56381,-0.0731
"04/09/2016 11:48:02",51.56338,-0.07306
"04/09/2016 11:48:07",51.56319,-0.07251
"04/09/2016 11:48:12",51.56295,-0.0719
"04/09/2016 11:48:17",51.56265,-0.07124
"04/09/2016 11:48:23",51.56211,-0.07089
"04/09/2016 11:48:28",51.56167,-0.07078
"04/09/2016 11:48:33",51.56118,-0.07066
"04/09/2016 11:48:38",51.56072,-0.07053
"04/09/2016 11:48:43",51.56034,-0.07037
"04/09/2016 11:48:48",51.56021,-0.07065
"04/09/2016 11:48:53",51.56019,-0.07101
"04/09/2016 11:48:58",51.56007,-0.07112
"04/09/2016 11:49:03",51.55983,-0.07108
"04/09/2016 11:49:08",51.5596,-0.07103
"04/09/2016 11:49:13",51.5594,-0.07099
"04/09/2016 11:49:18",51.55925,-0.07097
"04/09/2016 11:49:23",51.55909,-0.07093
"04/09/2016 11:49:28",51.55902,-0.07092
"04/09/2016 11:49:33",51.55894,-0.07091
"04/09/2016 11:49:58",51.55891,-0.0709
"04/09/2016 11:50:03",51.55888,-0.0709
"04/09/2016 11:50:08",51.55884,-0.07089
"04/09/2016 11:50:13",51.55878,-0.07088
"04/09/2016 11:53:18",51.55882,-0.07088
"04/09/2016 11:53:22",51.55883,-0.07089
"04/09/2016 12:01:35",51.55879,-0.07088
"04/09/2016 12:01:40",51.55872,-0.07087
"04/09/2016 12:01:45",51.55872,-0.07087
"04/09/2016 12:01:50",51.55865,-0.07082
"04/09/2016 12:01:55",51.55858,-0.07077
"04/09/2016 12:02:00",51.55853,-0.07074
"04/09/2016 12:04:30",51.55852,-0.07073
"04/09/2016 12:04:35",51.55862,-0.0708
"04/09/2016 12:04:40",51.55853,-0.07074
"04/09/2016 12:04:50",51.55855,-0.07076
"04/09/2016 12:04:55",51.55861,-0.07079
"04/09/2016 12:05:00",51.55859,-0.07078
"04/09/2016 12:05:05",51.55865,-0.07082
"04/09/2016 12:05:10",51.55872,-0.07087
"04/09/2016 12:05:25",51.55873,-0.07087
"04/09/2016 12:05:30",51.5588,-0.07088
"04/09/2016 12:05:40",51.55884,-0.07089
"04/09/2016 12:05:44",51.55885,-0.07089
"04/09/2016 12:09:51",51.55882,-0.07089
"04/09/2016 12:09:56",51.55846,-0.07059
"04/09/2016 12:10:01",51.5579,-0.06978
"04/09/2016 12:10:06",51.55798,-0.06952
"04/09/2016 12:10:11",51.55801,-0.06941
"04/09/2016 12:10:20",51.55801,-0.06941
"04/09/2016 12:10:26",51.55802,-0.06919
"04/09/2016 12:10:31",51.55785,-0.06907
"04/09/2016 12:10:36",51.55751,-0.06882
"04/09/2016 12:10:41",51.55734,-0.0689
"04/09/2016 12:10:46",51.55731,-0.06943
"04/09/2016 12:10:51",51.55727,-0.07008
"04/09/2016 12:10:56",51.55723,-0.07071
"04/09/2016 12:11:01",51.5572,-0.07149
"04/09/2016 12:11:06",51.5572,-0.07223
"04/09/2016 12:11:11",51.5572,-0.07295
"04/09/2016 12:11:16",51.55722,-0.0736
"04/09/2016 12:11:21",51.55722,-0.07412
"04/09/2016 12:11:26",51.55722,-0.07435
"04/09/2016 12:11:31",51.55722,-0.07443
"04/09/2016 12:11:36",51.55747,-0.07448
"04/09/2016 12:11:41",51.55785,-0.07442
"04/09/2016 12:11:46",51.55845,-0.07432
"04/09/2016 12:11:51",51.559,-0.07421
"04/09/2016 12:11:56",51.55946,-0.07411
"04/09/2016 12:12:01",51.55999,-0.07402
"04/09/2016 12:12:06",51.56045,-0.07397
"04/09/2016 12:12:11",51.56085,-0.07391
"04/09/2016 12:12:16",51.56112,-0.07386
"04/09/2016 12:12:21",51.56145,-0.07379
"04/09/2016 12:12:26",51.56164,-0.07375
"04/09/2016 12:12:46",51.56167,-0.07375
"04/09/2016 12:12:51",51.56178,-0.07373
"04/09/2016 12:12:56",51.56184,-0.07371
"04/09/2016 12:13:01",51.56199,-0.07367
"04/09/2016 12:13:06",51.56255,-0.07349
"04/09/2016 12:13:11",51.56299,-0.07333
"04/09/2016 12:13:16",51.56325,-0.07321
"04/09/2016 12:13:21",51.56341,-0.07315
"04/09/2016 12:13:31",51.56341,-0.07315
"04/09/2016 12:13:36",51.56372,-0.0731
"04/09/2016 12:13:41",51.56399,-0.07309
"04/09/2016 12:13:46",51.56427,-0.07309
"04/09/2016 12:13:51",51.56454,-0.0731
"04/09/2016 12:13:56",51.56478,-0.0731
"04/09/2016 12:14:01",51.56494,-0.0731
"04/09/2016 12:14:06",51.56505,-0.07311
"04/09/2016 12:14:32",51.56505,-0.07311
"04/09/2016 12:14:37",51.5651,-0.07311
"04/09/2016 12:14:42",51.56533,-0.07311
"04/09/2016 12:14:47",51.56565,-0.07309
"04/09/2016 12:14:52",51.566,-0.07305
"04/09/2016 12:14:57",51.56636,-0.07301
"04/09/2016 12:15:02",51.5666,-0.073
"04/09/2016 12:15:07",51.56666,-0.07299
"04/09/2016 12:15:12",51.56672,-0.07299
"04/09/2016 12:15:17",51.56711,-0.07296
"04/09/2016 12:15:22",51.5676,-0.07292
"04/09/2016 12:15:27",51.56801,-0.07291
"04/09/2016 12:15:32",51.56835,-0.0729
"04/09/2016 12:15:37",51.56854,-0.0729
"04/09/2016 12:15:42",51.5687,-0.07289
"04/09/2016 12:15:47",51.56895,-0.07288
"04/09/2016 12:15:52",51.56918,-0.07287
"04/09/2016 12:15:57",51.56929,-0.07287
"04/09/2016 12:16:02",51.56935,-0.07287
"04/09/2016 12:16:17",51.56939,-0.07287
"04/09/2016 12:16:22",51.56941,-0.07287
"04/09/2016 12:16:42",51.56943,-0.07286
"04/09/2016 12:16:47",51.5696,-0.07286
"04/09/2016 12:16:52",51.56997,-0.07284
"04/09/2016 12:16:57",51.57022,-0.07283
"04/09/2016 12:17:52",51.57023,-0.07283
"04/09/2016 12:17:57",51.57061,-0.07281
"04/09/2016 12:18:02",51.57113,-0.07279
"04/09/2016 12:18:07",51.57175,-0.07276
"04/09/2016 12:18:12",51.5723,-0.07274
"04/09/2016 12:18:17",51.57276,-0.07266
"04/09/2016 12:18:22",51.57304,-0.07258
"04/09/2016 12:18:27",51.57309,-0.07257
"04/09/2016 12:18:37",51.57311,-0.07257
"04/09/2016 12:18:42",51.57323,-0.07255
"04/09/2016 12:18:47",51.57345,-0.07252
"04/09/2016 12:18:52",51.57368,-0.07241
"04/09/2016 12:18:57",51.57403,-0.07234
"04/09/2016 12:19:02",51.5745,-0.07229
"04/09/2016 12:19:07",51.57483,-0.07226
"04/09/2016 12:19:17",51.57487,-0.07226
"04/09/2016 12:19:22",51.57522,-0.07229
"04/09/2016 12:19:27",51.57567,-0.07241
"04/09/2016 12:19:32",51.57617,-0.07258
"04/09/2016 12:19:37",51.57663,-0.07275
"04/09/2016 12:19:42",51.57697,-0.07287
"04/09/2016 12:20:17",51.57701,-0.07289
"04/09/2016 12:20:22",51.57705,-0.0729
"04/09/2016 12:20:27",51.57723,-0.07328
"04/09/2016 12:20:32",51.57724,-0.07388
"04/09/2016 12:20:37",51.57731,-0.07442
"04/09/2016 12:20:42",51.57743,-0.07498
"04/09/2016 12:20:47",51.57756,-0.07554
"04/09/2016 12:20:52",51.5777,-0.07611
"04/09/2016 12:20:57",51.57786,-0.07677
"04/09/2016 12:21:02",51.578,-0.07732
"04/09/2016 12:21:07",51.57817,-0.07781
"04/09/2016 12:21:12",51.57831,-0.07816
"04/09/2016 12:21:17",51.57853,-0.07865
"04/09/2016 12:21:22",51.57882,-0.07923
"04/09/2016 12:21:27",51.57912,-0.07986
"04/09/2016 12:21:32",51.57938,-0.0805
"04/09/2016 12:21:37",51.57958,-0.08095
"04/09/2016 12:21:42",51.5799,-0.08145
"04/09/2016 12:21:47",51.58011,-0.08199
"04/09/2016 12:21:52",51.5803,-0.08265
"04/09/2016 12:21:57",51.58048,-0.08318
"04/09/2016 12:22:02",51.58054,-0.08333
"04/09/2016 12:22:11",51.58054,-0.08335
"04/09/2016 12:22:17",51.58061,-0.08335
"04/09/2016 12:22:22",51.58069,-0.08331
"04/09/2016 12:22:28",51.58083,-0.08325
"04/09/2016 12:22:33",51.58097,-0.08318
"04/09/2016 12:22:38",51.5811,-0.08312
"04/09/2016 12:22:43",51.58116,-0.08309
"04/09/2016 12:24:08",51.58113,-0.0831
"04/09/2016 12:24:13",51.58111,-0.08312
"04/09/2016 12:32:32",51.58114,-0.0831
"04/09/2016 12:32:39",51.58122,-0.08307
"04/09/2016 12:33:20",51.58122,-0.08307
"04/09/2016 12:33:25",51.58128,-0.08304
"04/09/2016 12:33:30",51.58145,-0.08295
"04/09/2016 12:33:35",51.58163,-0.08287
"04/09/2016 12:33:40",51.58184,-0.08277
"04/09/2016 12:33:45",51.58203,-0.08268
"04/09/2016 12:33:50",51.58216,-0.08262
"04/09/2016 12:33:55",51.58228,-0.08256
"04/09/2016 12:34:00",51.58233,-0.08237
"04/09/2016 12:34:05",51.58231,-0.0822
"04/09/2016 12:34:10",51.58227,-0.08191
"04/09/2016 12:34:15",51.58211,-0.08167
"04/09/2016 12:34:20",51.58191,-0.08144
"04/09/2016 12:34:25",51.58171,-0.0811
"04/09/2016 12:34:30",51.5816,-0.08074
"04/09/2016 12:34:35",51.58148,-0.08041
"04/09/2016 12:34:40",51.58133,-0.07996
"04/09/2016 12:34:45",51.58123,-0.07963
"04/09/2016 12:34:50",51.58109,-0.07922
"04/09/2016 12:34:55",51.58097,-0.07887
"04/09/2016 12:35:00",51.58081,-0.07838
"04/09/2016 12:35:05",51.5807,-0.07807
"04/09/2016 12:35:10",51.58068,-0.07789
"04/09/2016 12:35:35",51.58067,-0.07791
"04/09/2016 12:35:40",51.58072,-0.0778
"04/09/2016 12:35:45",51.58093,-0.07728
"04/09/2016 12:35:50",51.58121,-0.07663
"04/09/2016 12:35:55",51.58144,-0.07606
"04/09/2016 12:36:00",51.58156,-0.07577
"04/09/2016 12:36:15",51.58156,-0.07574
"04/09/2016 12:36:20",51.58163,-0.0756
"04/09/2016 12:36:25",51.58179,-0.07522
"04/09/2016 12:36:31",51.58203,-0.07467
"04/09/2016 12:36:36",51.58221,-0.07422
"04/09/2016 12:36:41",51.58237,-0.07384
"04/09/2016 12:36:46",51.58252,-0.0735
"04/09/2016 12:36:51",51.58262,-0.07325
"04/09/2016 12:36:56",51.58267,-0.07315
"04/09/2016 12:37:01",51.5827,-0.07307
"04/09/2016 12:37:06",51.58289,-0.0727
"04/09/2016 12:37:11",51.5831,-0.07234
"04/09/2016 12:37:16",51.58331,-0.07229
"04/09/2016 12:37:21",51.58336,-0.07228
"04/09/2016 12:38:01",51.5834,-0.07227
"04/09/2016 12:38:06",51.58363,-0.07224
"04/09/2016 12:38:11",51.58398,-0.07219
"04/09/2016 12:38:16",51.58444,-0.07203
"04/09/2016 12:38:21",51.58495,-0.07189
"04/09/2016 12:38:26",51.5855,-0.07175
"04/09/2016 12:38:31",51.58598,-0.07162
"04/09/2016 12:38:36",51.58635,-0.07146
"04/09/2016 12:38:41",51.5867,-0.07131
"04/09/2016 12:38:46",51.58705,-0.07116
"04/09/2016 12:38:51",51.58738,-0.07102
"04/09/2016 12:38:56",51.58766,-0.07091
"04/09/2016 12:39:01",51.58797,-0.07079
"04/09/2016 12:39:06",51.58831,-0.07066
"04/09/2016 12:39:11",51.58862,-0.07054
"04/09/2016 12:39:16",51.58889,-0.07046
"04/09/2016 12:39:21",51.5889,-0.07007
"04/09/2016 12:39:26",51.58877,-0.06946
"04/09/2016 12:39:31",51.5887,-0.06876
"04/09/2016 12:39:36",51.5887,-0.06798
"04/09/2016 12:39:41",51.58885,-0.06738
"04/09/2016 12:39:46",51.58898,-0.06686
"04/09/2016 12:39:51",51.5891,-0.06641
"04/09/2016 12:39:56",51.58925,-0.06587
"04/09/2016 12:40:01",51.5894,-0.06531
"04/09/2016 12:40:06",51.58951,-0.06485
"04/09/2016 12:40:11",51.58958,-0.06432
"04/09/2016 12:40:16",51.58955,-0.0639
"04/09/2016 12:40:21",51.58948,-0.06359
"04/09/2016 12:40:27",51.58935,-0.06325
"04/09/2016 12:40:32",51.58926,-0.06292
"04/09/2016 12:40:37",51.58918,-0.06259
"04/09/2016 12:40:42",51.58906,-0.06214
"04/09/2016 12:40:47",51.58899,-0.06184
"04/09/2016 12:41:22",51.58898,-0.06177
"04/09/2016 12:41:27",51.58898,-0.06147
"04/09/2016 12:41:32",51.58906,-0.06091
"04/09/2016 12:41:37",51.58937,-0.06035
"04/09/2016 12:41:42",51.58988,-0.06009
"04/09/2016 12:41:47",51.59044,-0.05985
"04/09/2016 12:41:52",51.59068,-0.05973
"04/09/2016 12:42:12",51.59072,-0.05972
"04/09/2016 12:42:17",51.59096,-0.05961
"04/09/2016 12:42:22",51.59146,-0.05939
"04/09/2016 12:42:27",51.59214,-0.05908
"04/09/2016 12:42:32",51.59284,-0.05875
"04/09/2016 12:42:37",51.59344,-0.05823
"04/09/2016 12:42:42",51.59393,-0.05728
"04/09/2016 12:42:47",51.59446,-0.05637
"04/09/2016 12:42:52",51.59521,-0.05597
"04/09/2016 12:42:57",51.59596,-0.0556
"04/09/2016 12:43:02",51.59667,-0.0551
"04/09/2016 12:43:07",51.59726,-0.05426
"04/09/2016 12:43:12",51.59773,-0.05327
"04/09/2016 12:43:17",51.59818,-0.05233
"04/09/2016 12:43:22",51.59863,-0.05139
"04/09/2016 12:43:27",51.5992,-0.05051
"04/09/2016 12:43:32",51.59985,-0.04993
"04/09/2016 12:43:37",51.60053,-0.04961
"04/09/2016 12:43:42",51.60109,-0.04955
"04/09/2016 12:43:47",51.60138,-0.04958
"04/09/2016 12:43:52",51.6018,-0.04962
"04/09/2016 12:43:57",51.60232,-0.04971
"04/09/2016 12:44:02",51.60281,-0.04979
"04/09/2016 12:44:07",51.60338,-0.04989
"04/09/2016 12:44:12",51.60393,-0.04998
"04/09/2016 12:44:17",51.60452,-0.04994
"04/09/2016 12:44:22",51.60508,-0.04967
"04/09/2016 12:44:27",51.6057,-0.04938
"04/09/2016 12:44:32",51.60623,-0.04912
"04/09/2016 12:44:37",51.60658,-0.04913
"04/09/2016 12:44:41",51.60668,-0.04915
"04/09/2016 12:45:27",51.60668,-0.04915
"04/09/2016 12:45:32",51.60674,-0.04915
"04/09/2016 12:45:38",51.60721,-0.04928
"04/09/2016 12:45:43",51.60778,-0.04945
"04/09/2016 12:45:48",51.60841,-0.04948
"04/09/2016 12:45:53",51.60911,-0.04959
"04/09/2016 12:45:58",51.60989,-0.04964
"04/09/2016 12:46:03",51.61069,-0.04943
"04/09/2016 12:46:08",51.61146,-0.04918
"04/09/2016 12:46:13",51.61217,-0.04882
"04/09/2016 12:46:18",51.61283,-0.04845
"04/09/2016 12:46:23",51.61326,-0.04821
"04/09/2016 12:46:28",51.61379,-0.04811
"04/09/2016 12:46:33",51.61449,-0.04785
"04/09/2016 12:46:38",51.61522,-0.0475
"04/09/2016 12:46:43",51.61597,-0.04714
"04/09/2016 12:46:48",51.61671,-0.04679
"04/09/2016 12:46:53",51.6174,-0.04645
"04/09/2016 12:46:58",51.61808,-0.04613
"04/09/2016 12:47:03",51.61875,-0.04581
"04/09/2016 12:47:08",51.61941,-0.04551
"04/09/2016 12:47:13",51.62008,-0.04519
"04/09/2016 12:47:18",51.62073,-0.04488
"04/09/2016 12:47:23",51.62135,-0.04459
"04/09/2016 12:47:28",51.62199,-0.04422
"04/09/2016 12:47:33",51.62263,-0.04387
"04/09/2016 12:47:38",51.62328,-0.04351
"04/09/2016 12:47:43",51.62396,-0.04319
"04/09/2016 12:47:48",51.62465,-0.04286
"04/09/2016 12:47:53",51.62528,-0.04257
"04/09/2016 12:47:58",51.62596,-0.04225
"04/09/2016 12:48:03",51.62664,-0.04193
"04/09/2016 12:48:08",51.6273,-0.04162
"04/09/2016 12:48:13",51.62793,-0.04133
"04/09/2016 12:48:18",51.62855,-0.04104
"04/09/2016 12:48:23",51.62916,-0.04075
"04/09/2016 12:48:28",51.62987,-0.04041
"04/09/2016 12:48:33",51.63059,-0.04007
"04/09/2016 12:48:38",51.63129,-0.03973
"04/09/2016 12:48:43",51.63192,-0.03943
"04/09/2016 12:48:48",51.6325,-0.03916
"04/09/2016 12:48:53",51.63308,-0.03889
"04/09/2016 12:48:58",51.63368,-0.03861
"04/09/2016 12:49:03",51.63429,-0.03832
"04/09/2016 12:49:08",51.63493,-0.03803
"04/09/2016 12:49:13",51.63561,-0.03771
"04/09/2016 12:49:18",51.63628,-0.0374
"04/09/2016 12:49:23",51.6369,-0.0371
"04/09/2016 12:49:28",51.63753,-0.0368
"04/09/2016 12:49:33",51.63812,-0.03658
"04/09/2016 12:49:38",51.63871,-0.03632
"04/09/2016 12:49:43",51.63925,-0.03609
"04/09/2016 12:49:48",51.63985,-0.03582
"04/09/2016 12:49:53",51.64047,-0.03555
"04/09/2016 12:49:58",51.64115,-0.03523
"04/09/2016 12:50:03",51.64181,-0.03489
"04/09/2016 12:50:08",51.64245,-0.03453
"04/09/2016 12:50:13",51.64308,-0.03417
"04/09/2016 12:50:18",51.64365,-0.03379
"04/09/2016 12:50:24",51.6442,-0.03319
"04/09/2016 12:50:29",51.64452,-0.0329
"04/09/2016 12:50:34",51.64462,-0.03285
"04/09/2016 12:50:39",51.64491,-0.03263
"04/09/2016 12:50:44",51.64516,-0.0321
"04/09/2016 12:50:49",51.64563,-0.03171
"04/09/2016 12:50:54",51.64622,-0.03128
"04/09/2016 12:50:59",51.64685,-0.03093
"04/09/2016 12:51:04",51.6474,-0.03063
"04/09/2016 12:51:09",51.6479,-0.03036
"04/09/2016 12:51:14",51.64834,-0.03026
"04/09/2016 12:51:19",51.64878,-0.03012
"04/09/2016 12:51:24",51.64943,-0.02982
"04/09/2016 12:51:29",51.65019,-0.02959
"04/09/2016 12:51:34",51.65094,-0.02936
"04/09/2016 12:51:39",51.65166,-0.02913
"04/09/2016 12:51:44",51.65235,-0.02892
"04/09/2016 12:51:49",51.65302,-0.02872
"04/09/2016 12:51:54",51.65361,-0.02866
"04/09/2016 12:51:59",51.6541,-0.02877
"04/09/2016 12:52:04",51.65461,-0.0289
"04/09/2016 12:52:09",51.65523,-0.02911
"04/09/2016 12:52:14",51.65585,-0.02939
"04/09/2016 12:52:19",51.65603,-0.02947
"04/09/2016 12:52:33",51.65605,-0.02947
"04/09/2016 12:52:39",51.65612,-0.0295
"04/09/2016 12:52:44",51.65654,-0.02966
"04/09/2016 12:52:49",51.65715,-0.02977
"04/09/2016 12:52:54",51.65785,-0.02978
"04/09/2016 12:52:59",51.65861,-0.02971
"04/09/2016 12:53:04",51.65938,-0.02963
"04/09/2016 12:53:09",51.66017,-0.02951
"04/09/2016 12:53:14",51.66092,-0.02933
"04/09/2016 12:53:19",51.66168,-0.02898
"04/09/2016 12:53:24",51.66228,-0.02856
"04/09/2016 12:53:29",51.66266,-0.02816
"04/09/2016 12:53:34",51.66286,-0.02788
"04/09/2016 12:53:39",51.66312,-0.02733
"04/09/2016 12:53:44",51.66353,-0.02652
"04/09/2016 12:53:49",51.66395,-0.02563
"04/09/2016 12:53:54",51.66441,-0.02469
"04/09/2016 12:53:59",51.66487,-0.02381
"04/09/2016 12:54:04",51.66531,-0.02322
"04/09/2016 12:54:09",51.66556,-0.02308
"04/09/2016 12:54:14",51.66567,-0.02302
"04/09/2016 12:54:19",51.6657,-0.023
"04/09/2016 12:54:24",51.6658,-0.02294
"04/09/2016 12:54:29",51.66595,-0.02286
"04/09/2016 12:54:34",51.66609,-0.02278
"04/09/2016 12:54:39",51.66618,-0.02274
"04/09/2016 12:54:44",51.66628,-0.02269
"04/09/2016 12:54:50",51.66643,-0.02263
"04/09/2016 12:54:55",51.66653,-0.02258
"04/09/2016 12:55:00",51.66666,-0.02252
"04/09/2016 12:55:05",51.66676,-0.02248
"04/09/2016 12:55:10",51.66678,-0.02247
"04/09/2016 12:55:15",51.66685,-0.02244
"04/09/2016 12:55:20",51.6669,-0.02241
"04/09/2016 12:55:25",51.66692,-0.02241
"04/09/2016 12:55:30",51.66698,-0.02238
"04/09/2016 12:55:35",51.66705,-0.02234
"04/09/2016 12:55:40",51.66712,-0.02231
"04/09/2016 12:55:45",51.66731,-0.02219
"04/09/2016 12:55:50",51.66746,-0.0221
"04/09/2016 12:55:55",51.66755,-0.02205
"04/09/2016 12:56:00",51.66764,-0.022
"04/09/2016 12:56:05",51.66771,-0.02196
"04/09/2016 12:56:20",51.66774,-0.02193
"04/09/2016 12:56:25",51.6678,-0.02187
"04/09/2016 12:56:30",51.66786,-0.0218
"04/09/2016 12:56:35",51.66792,-0.02172
"04/09/2016 12:56:40",51.66797,-0.02164
"04/09/2016 12:56:45",51.66802,-0.02158
"04/09/2016 12:56:50",51.66808,-0.02151
"04/09/2016 12:56:55",51.66814,-0.02143
"04/09/2016 12:57:00",51.66819,-0.02136
"04/09/2016 12:57:05",51.66824,-0.0213
"04/09/2016 12:58:10",51.66827,-0.02125
"04/09/2016 12:58:15",51.6684,-0.02107
"04/09/2016 12:58:20",51.66855,-0.02088
"04/09/2016 12:58:25",51.66869,-0.02069
"04/09/2016 12:58:30",51.66883,-0.02053
"04/09/2016 12:58:35",51.66895,-0.02039
"04/09/2016 12:58:40",51.66914,-0.02018
"04/09/2016 12:58:45",51.66925,-0.02005
"04/09/2016 12:58:50",51.66935,-0.01994
"04/09/2016 12:58:55",51.66944,-0.01984
"04/09/2016 12:59:00",51.66951,-0.01975
"04/09/2016 12:59:05",51.66958,-0.01968
"04/09/2016 12:59:10",51.66962,-0.01965
"04/09/2016 12:59:25",51.66964,-0.01964
"04/09/2016 12:59:30",51.66968,-0.01963
"04/09/2016 12:59:35",51.66968,-0.01963
"04/09/2016 12:59:40",51.66979,-0.01958
"04/09/2016 12:59:45",51.67012,-0.01951
"04/09/2016 12:59:50",51.67037,-0.01949
"04/09/2016 12:59:55",51.6705,-0.01948
"04/09/2016 13:01:01",51.67052,-0.01947
"04/09/2016 13:01:06",51.67068,-0.01946
"04/09/2016 13:01:11",51.67096,-0.0194
"04/09/2016 13:01:16",51.67128,-0.01929
"04/09/2016 13:01:21",51.67174,-0.01915
"04/09/2016 13:01:26",51.67236,-0.01896
"04/09/2016 13:01:31",51.67306,-0.01875
"04/09/2016 13:01:36",51.67373,-0.01854
"04/09/2016 13:01:41",51.67427,-0.01848
"04/09/2016 13:01:46",51.67453,-0.01844
"04/09/2016 13:01:51",51.67472,-0.01842
"04/09/2016 13:01:56",51.6748,-0.01916
"04/09/2016 13:02:01",51.67484,-0.01989
"04/09/2016 13:02:06",51.67487,-0.02058
"04/09/2016 13:02:11",51.67488,-0.02094
"04/09/2016 13:02:16",51.67476,-0.02127
"04/09/2016 13:02:21",51.67491,-0.02142
"04/09/2016 13:02:26",51.67501,-0.02122
"04/09/2016 13:02:31",51.6757,-0.02111
"04/09/2016 13:02:36",51.67618,-0.02102
"04/09/2016 13:02:41",51.67644,-0.02098
"04/09/2016 13:02:46",51.67655,-0.02107
"04/09/2016 13:02:51",51.67655,-0.02116
"04/09/2016 13:02:56",51.67655,-0.02125
"04/09/2016 13:03:01",51.67655,-0.02147
"04/09/2016 13:03:06",51.67655,-0.02153
"04/09/2016 13:03:11",51.67655,-0.02169
"04/09/2016 13:03:16",51.67655,-0.02189
