Latitude,Longitude,Time
51.51946,0.14387,04/09/2016 07:03:59
51.51945,0.14386,04/09/2016 07:04:05
51.51947,0.14382,04/09/2016 07:06:35
51.5195,0.14372,04/09/2016 07:06:40
51.5195,0.14363,04/09/2016 07:06:45
51.51951,0.14357,04/09/2016 07:06:50
51.51958,0.14355,04/09/2016 07:06:55
51.51961,0.14357,04/09/2016 07:07:00
51.51998,0.14382,04/09/2016 07:07:05
51.51998,0.14407,04/09/2016 07:07:10
51.51996,0.14423,04/09/2016 07:07:15
51.51995,0.1443,04/09/2016 07:07:25
51.5197,0.14479,04/09/2016 07:07:30
51.51961,0.14491,04/09/2016 07:07:35
51.5196,0.14492,04/09/2016 07:08:06
51.51959,0.14511,04/09/2016 07:08:11
51.51958,0.14536,04/09/2016 07:08:16
51.5197,0.14537,04/09/2016 07:08:21
51.52012,0.14546,04/09/2016 07:08:26
51.5206,0.14558,04/09/2016 07:08:31
51.52112,0.1457,04/09/2016 07:08:36
51.52141,0.14577,04/09/2016 07:08:41
51.52147,0.14579,04/09/2016 07:08:46
51.52151,0.1458,04/09/2016 07:08:56
51.52153,0.1458,04/09/2016 07:09:00
51.52154,0.1458,04/09/2016 07:09:26
51.52186,0.14588,04/09/2016 07:09:31
51.52196,0.14549,04/09/2016 07:09:36
51.52203,0.14469,04/09/2016 07:09:41
51.52212,0.14364,04/09/2016 07:09:46
51.52222,0.14267,04/09/2016 07:09:51
51.52237,0.14179,04/09/2016 07:09:56
51.52249,0.14092,04/09/2016 07:10:01
51.52258,0.14015,04/09/2016 07:10:06
51.52263,0.13969,04/09/2016 07:10:11
51.52291,0.13991,04/09/2016 07:10:16
51.52348,0.14006,04/09/2016 07:10:21
51.52429,0.14026,04/09/2016 07:10:26
51.52519,0.14049,04/09/2016 07:10:31
51.52607,0.14083,04/09/2016 07:10:36
51.52694,0.14115,04/09/2016 07:10:41
51.52775,0.14114,04/09/2016 07:10:46
51.52844,0.14064,04/09/2016 07:10:51
51.529,0.13961,04/09/2016 07:10:57
51.52938,0.13885,04/09/2016 07:11:02
51.52982,0.13864,04/09/2016 07:11:07
51.53008,0.1385,04/09/2016 07:11:12
51.53008,0.1385,04/09/2016 07:11:17
51.53025,0.1384,04/09/2016 07:11:22
51.53052,0.13804,04/09/2016 07:11:27
51.53084,0.13731,04/09/2016 07:11:32
51.53114,0.1363,04/09/2016 07:11:37
51.53133,0.13506,04/09/2016 07:11:42
51.53142,0.13377,04/09/2016 07:11:47
51.53143,0.13255,04/09/2016 07:11:52
51.53147,0.13139,04/09/2016 07:11:57
51.53157,0.13026,04/09/2016 07:12:02
51.53167,0.12909,04/09/2016 07:12:07
51.53168,0.12787,04/09/2016 07:12:12
51.53161,0.12669,04/09/2016 07:12:17
51.53155,0.12552,04/09/2016 07:12:22
51.53153,0.12437,04/09/2016 07:12:27
51.53159,0.12317,04/09/2016 07:12:32
51.53174,0.12201,04/09/2016 07:12:37
51.53191,0.12083,04/09/2016 07:12:42
51.53207,0.11966,04/09/2016 07:12:47
51.53223,0.11851,04/09/2016 07:12:52
51.5324,0.11734,04/09/2016 07:12:57
51.53257,0.11619,04/09/2016 07:13:02
51.53267,0.11501,04/09/2016 07:13:07
51.53271,0.11382,04/09/2016 07:13:12
51.53273,0.11261,04/09/2016 07:13:17
51.53279,0.11139,04/09/2016 07:13:22
51.53285,0.1102,04/09/2016 07:13:27
51.53284,0.10908,04/09/2016 07:13:32
51.53274,0.10793,04/09/2016 07:13:37
51.53259,0.10672,04/09/2016 07:13:42
51.53234,0.10553,04/09/2016 07:13:47
51.53212,0.10441,04/09/2016 07:13:52
51.5319,0.10329,04/09/2016 07:13:57
51.53168,0.10212,04/09/2016 07:14:02
51.53146,0.10094,04/09/2016 07:14:07
51.53126,0.09983,04/09/2016 07:14:12
51.53105,0.09865,04/09/2016 07:14:17
51.53078,0.09726,04/09/2016 07:14:22
51.53047,0.09572,04/09/2016 07:14:27
51.53012,0.09405,04/09/2016 07:14:32
51.52981,0.09245,04/09/2016 07:14:37
51.52961,0.09098,04/09/2016 07:14:42
51.52942,0.08953,04/09/2016 07:14:47
51.52925,0.08813,04/09/2016 07:14:52
51.52905,0.08677,04/09/2016 07:14:57
51.52875,0.08531,04/09/2016 07:15:02
51.52846,0.08402,04/09/2016 07:15:07
51.52818,0.08276,04/09/2016 07:15:12
51.52786,0.08141,04/09/2016 07:15:17
51.52746,0.08003,04/09/2016 07:15:22
51.52705,0.07867,04/09/2016 07:15:27
51.5266,0.07733,04/09/2016 07:15:32
51.52609,0.07588,04/09/2016 07:15:37
51.52559,0.07445,04/09/2016 07:15:42
51.52503,0.07282,04/09/2016 07:15:48
51.52457,0.07145,04/09/2016 07:15:53
51.52411,0.07009,04/09/2016 07:15:58
51.52364,0.06874,04/09/2016 07:16:03
51.52318,0.06744,04/09/2016 07:16:08
51.5227,0.06605,04/09/2016 07:16:13
51.52223,0.06471,04/09/2016 07:16:18
51.52175,0.06346,04/09/2016 07:16:23
51.52125,0.06217,04/09/2016 07:16:28
51.52076,0.06095,04/09/2016 07:16:33
51.52031,0.05967,04/09/2016 07:16:38
51.51995,0.05824,04/09/2016 07:16:43
51.51964,0.05677,04/09/2016 07:16:48
51.51951,0.05528,04/09/2016 07:16:53
51.51944,0.05381,04/09/2016 07:16:58
51.51953,0.05234,04/09/2016 07:17:03
51.51967,0.05079,04/09/2016 07:17:08
51.51981,0.04929,04/09/2016 07:17:13
51.51995,0.04786,04/09/2016 07:17:18
51.52007,0.04634,04/09/2016 07:17:23
51.52008,0.04478,04/09/2016 07:17:28
51.51992,0.04334,04/09/2016 07:17:33
51.51967,0.04189,04/09/2016 07:17:38
51.51941,0.04046,04/09/2016 07:17:43
51.51897,0.03908,04/09/2016 07:17:48
51.51847,0.03783,04/09/2016 07:17:53
51.51798,0.03653,04/09/2016 07:17:58
51.51759,0.03513,04/09/2016 07:18:03
51.51729,0.03369,04/09/2016 07:18:08
51.51708,0.03218,04/09/2016 07:18:13
51.517,0.03067,04/09/2016 07:18:18
51.51695,0.02917,04/09/2016 07:18:23
51.51703,0.02767,04/09/2016 07:18:28
51.51714,0.02622,04/09/2016 07:18:33
51.51725,0.02466,04/09/2016 07:18:38
51.51724,0.02313,04/09/2016 07:18:43
51.5172,0.02159,04/09/2016 07:18:48
51.51716,0.02007,04/09/2016 07:18:53
51.51712,0.01856,04/09/2016 07:18:58
51.51702,0.01712,04/09/2016 07:19:03
51.51683,0.01581,04/09/2016 07:19:08
51.51666,0.01493,04/09/2016 07:19:13
51.5165,0.01404,04/09/2016 07:19:18
51.51632,0.01307,04/09/2016 07:19:23
51.51609,0.01176,04/09/2016 07:19:28
51.51584,0.01039,04/09/2016 07:19:33
51.51558,0.00903,04/09/2016 07:19:38
51.51532,0.00761,04/09/2016 07:19:43
51.51502,0.0062,04/09/2016 07:19:48
51.51472,0.00476,04/09/2016 07:19:53
51.51443,0.00346,04/09/2016 07:19:58
51.51407,0.00236,04/09/2016 07:20:03
51.51358,0.00157,04/09/2016 07:20:08
51.51304,0.00108,04/09/2016 07:20:13
51.51268,0.00088,04/09/2016 07:20:19
51.51267,-0.00014,04/09/2016 07:20:24
51.51251,-0.00135,04/09/2016 07:20:30
51.51231,-0.00248,04/09/2016 07:20:35
51.51212,-0.00354,04/09/2016 07:20:40
51.51193,-0.00457,04/09/2016 07:20:45
51.51175,-0.00555,04/09/2016 07:20:50
51.5116,-0.00637,04/09/2016 07:20:55
51.51154,-0.00682,04/09/2016 07:21:00
51.51151,-0.00704,04/09/2016 07:21:05
51.51149,-0.00739,04/09/2016 07:21:10
51.51146,-0.00784,04/09/2016 07:21:15
51.51141,-0.00828,04/09/2016 07:21:20
51.51139,-0.00845,04/09/2016 07:21:25
51.51139,-0.00844,04/09/2016 07:21:49
51.51137,-0.00853,04/09/2016 07:21:55
51.5113,-0.00913,04/09/2016 07:22:00
51.51124,-0.0099,04/09/2016 07:22:05
51.51096,-0.01043,04/09/2016 07:22:10
51.51042,-0.01037,04/09/2016 07:22:15
51.5099,-0.0102,04/09/2016 07:22:20
51.50944,-0.00983,04/09/2016 07:22:25
51.50909,-0.00936,04/09/2016 07:22:30
51.50901,-0.00921,04/09/2016 07:22:35
51.50899,-0.00919,04/09/2016 07:22:50
51.50897,-0.00918,04/09/2016 07:22:55
51.50886,-0.00906,04/09/2016 07:23:00
51.50879,-0.00919,04/09/2016 07:23:05
51.50879,-0.00986,04/09/2016 07:23:10
51.50877,-0.01014,04/09/2016 07:23:15
51.50902,-0.01057,04/09/2016 07:23:20
51.50902,-0.01057,04/09/2016 07:23:25
51.5091,-0.01059,04/09/2016 07:23:30
51.50915,-0.0106,04/09/2016 07:23:35
51.50918,-0.01061,04/09/2016 07:23:40
51.50929,-0.01068,04/09/2016 07:23:45
51.50969,-0.01078,04/09/2016 07:23:50
51.50987,-0.01084,04/09/2016 07:23:55
51.50984,-0.0111,04/09/2016 07:24:00
51.50978,-0.01164,04/09/2016 07:24:05
51.50976,-0.01189,04/09/2016 07:24:10
51.50955,-0.01203,04/09/2016 07:24:15
51.50912,-0.01208,04/09/2016 07:24:20
51.50892,-0.0121,04/09/2016 07:24:25
51.50883,-0.0119,04/09/2016 07:24:30
51.5088,-0.01147,04/09/2016 07:24:35
51.50876,-0.01069,04/09/2016 07:24:40
51.50879,-0.00981,04/09/2016 07:24:46
51.50879,-0.00959,04/09/2016 07:24:51
51.50879,-0.00954,04/09/2016 07:25:31
51.50872,-0.00893,04/09/2016 07:25:36
51.50826,-0.00853,04/09/2016 07:25:41
51.50791,-0.00798,04/09/2016 07:25:46
51.50755,-0.00753,04/09/2016 07:25:51
51.50717,-0.00788,04/09/2016 07:25:56
51.50716,-0.00863,04/09/2016 07:26:01
51.50732,-0.00922,04/09/2016 07:26:06
51.50726,-0.01006,04/09/2016 07:26:11
51.50718,-0.01116,04/09/2016 07:26:16
51.50715,-0.01224,04/09/2016 07:26:21
51.50713,-0.01332,04/09/2016 07:26:26
51.50713,-0.01436,04/09/2016 07:26:31
51.50717,-0.01544,04/09/2016 07:26:36
51.50724,-0.01648,04/09/2016 07:26:41
51.50737,-0.01752,04/09/2016 07:26:46
51.50753,-0.01854,04/09/2016 07:26:51
51.50775,-0.01952,04/09/2016 07:26:56
51.50791,-0.02061,04/09/2016 07:27:02
51.50784,-0.02085,04/09/2016 07:27:07
51.50776,-0.0209,04/09/2016 07:27:12
51.50763,-0.02157,04/09/2016 07:27:17
51.50765,-0.0218,04/09/2016 07:27:22
51.50771,-0.02232,04/09/2016 07:27:27
51.50775,-0.02272,04/09/2016 07:27:32
51.50777,-0.02286,04/09/2016 07:27:37
51.50777,-0.02286,04/09/2016 07:27:42
51.5079,-0.02394,04/09/2016 07:27:47
51.50791,-0.02401,04/09/2016 07:27:52
51.5079,-0.02409,04/09/2016 07:27:57
51.50789,-0.02412,04/09/2016 07:28:47
51.50791,-0.02401,04/09/2016 07:28:52
51.50791,-0.02401,04/09/2016 07:35:34
51.50789,-0.02411,04/09/2016 07:35:39
51.50787,-0.02429,04/09/2016 07:35:44
51.50787,-0.0243,04/09/2016 07:35:59
51.50791,-0.02401,04/09/2016 07:36:04
51.5079,-0.02399,04/09/2016 07:36:14
51.50789,-0.02391,04/09/2016 07:36:19
51.50788,-0.0238,04/09/2016 07:36:24
51.50786,-0.02371,04/09/2016 07:36:29
51.50785,-0.02362,04/09/2016 07:36:34
51.50784,-0.02353,04/09/2016 07:36:39
51.50782,-0.02345,04/09/2016 07:36:44
51.50781,-0.02338,04/09/2016 07:36:49
51.50781,-0.02332,04/09/2016 07:36:59
51.50779,-0.0232,04/09/2016 07:37:04
51.50779,-0.02309,04/09/2016 07:37:09
51.50778,-0.02299,04/09/2016 07:37:14
51.50778,-0.02297,04/09/2016 07:37:24
51.50778,-0.02311,04/09/2016 07:37:29
51.5078,-0.02323,04/09/2016 07:37:34
51.50781,-0.02332,04/09/2016 07:37:39
51.50779,-0.02317,04/09/2016 07:37:44
51.50778,-0.02303,04/09/2016 07:37:49
51.50777,-0.02291,04/09/2016 07:37:54
51.50777,-0.02293,04/09/2016 07:38:24
51.50778,-0.023,04/09/2016 07:38:29
51.50778,-0.02301,04/09/2016 07:38:34
51.50776,-0.02285,04/09/2016 07:41:10
51.50777,-0.02293,04/09/2016 07:41:15
51.50778,-0.02303,04/09/2016 07:41:20
51.50779,-0.02315,04/09/2016 07:41:25
51.5078,-0.02325,04/09/2016 07:41:30
51.50781,-0.02332,04/09/2016 07:41:35
51.50779,-0.02314,04/09/2016 07:41:40
51.50777,-0.02299,04/09/2016 07:41:45
51.50778,-0.02303,04/09/2016 07:41:50
51.50779,-0.02314,04/09/2016 07:41:55
51.5078,-0.02323,04/09/2016 07:42:00
51.50781,-0.02336,04/09/2016 07:42:05
51.50783,-0.02346,04/09/2016 07:42:10
51.50784,-0.02356,04/09/2016 07:42:15
51.50786,-0.02367,04/09/2016 07:42:20
51.50787,-0.02378,04/09/2016 07:42:25
51.50789,-0.02389,04/09/2016 07:42:30
51.5079,-0.024,04/09/2016 07:42:35
51.5079,-0.02407,04/09/2016 07:42:55
51.5079,-0.0241,04/09/2016 07:43:00
51.50789,-0.02412,04/09/2016 07:45:01
51.50789,-0.02419,04/09/2016 07:45:06
51.50784,-0.0247,04/09/2016 07:45:11
51.50758,-0.02511,04/09/2016 07:45:16
51.50722,-0.02524,04/09/2016 07:45:21
51.50696,-0.02531,04/09/2016 07:45:26
51.5066,-0.0254,04/09/2016 07:45:31
51.5064,-0.02546,04/09/2016 07:45:33
51.5064,-0.02546,04/09/2016 07:45:33
51.50645,-0.02721,04/09/2016 07:46:11
51.50739,-0.02752,04/09/2016 07:46:16
51.50772,-0.02743,04/09/2016 07:46:21
51.50762,-0.02747,04/09/2016 07:46:26
51.50765,-0.02745,04/09/2016 07:46:41
51.508,-0.02732,04/09/2016 07:46:46
51.50839,-0.02714,04/09/2016 07:46:51
51.5089,-0.02679,04/09/2016 07:46:56
51.50928,-0.02643,04/09/2016 07:47:01
51.50954,-0.02613,04/09/2016 07:47:06
51.50954,-0.02613,04/09/2016 07:47:31
51.50961,-0.02604,04/09/2016 07:47:36
51.50985,-0.02609,04/09/2016 07:47:41
51.51029,-0.02664,04/09/2016 07:47:46
51.5108,-0.02723,04/09/2016 07:47:51
51.51126,-0.02786,04/09/2016 07:47:56
51.5116,-0.0282,04/09/2016 07:48:02
51.51159,-0.0282,04/09/2016 07:48:37
51.51178,-0.02822,04/09/2016 07:48:42
51.51226,-0.02793,04/09/2016 07:48:47
51.51286,-0.02783,04/09/2016 07:48:52
51.51346,-0.02778,04/09/2016 07:48:57
51.51406,-0.02808,04/09/2016 07:49:02
51.51458,-0.02833,04/09/2016 07:49:07
51.51512,-0.02864,04/09/2016 07:49:12
51.51566,-0.02892,04/09/2016 07:49:17
51.5162,-0.02921,04/09/2016 07:49:22
51.51671,-0.02947,04/09/2016 07:49:27
51.51718,-0.02971,04/09/2016 07:49:32
51.51772,-0.03,04/09/2016 07:49:37
51.51824,-0.03028,04/09/2016 07:49:42
51.51875,-0.03056,04/09/2016 07:49:47
51.51923,-0.03086,04/09/2016 07:49:52
51.51979,-0.03131,04/09/2016 07:49:57
51.52027,-0.03187,04/09/2016 07:50:02
51.52074,-0.03248,04/09/2016 07:50:07
51.52114,-0.03306,04/09/2016 07:50:12
51.5216,-0.03357,04/09/2016 07:50:17
51.52209,-0.03386,04/09/2016 07:50:22
51.52261,-0.03409,04/09/2016 07:50:27
51.52312,-0.03423,04/09/2016 07:50:32
51.52364,-0.03434,04/09/2016 07:50:37
51.52422,-0.03447,04/09/2016 07:50:42
51.52464,-0.0348,04/09/2016 07:50:47
51.52469,-0.03486,04/09/2016 07:50:52
51.52471,-0.03488,04/09/2016 07:52:17
51.52482,-0.035,04/09/2016 07:52:22
51.52481,-0.03532,04/09/2016 07:52:27
51.52478,-0.03564,04/09/2016 07:52:32
51.52431,-0.03685,04/09/2016 07:52:37
51.5241,-0.03737,04/09/2016 07:52:42
51.52364,-0.0383,04/09/2016 07:52:48
51.52333,-0.03893,04/09/2016 07:52:53
51.52319,-0.03934,04/09/2016 07:52:58
51.52316,-0.03944,04/09/2016 07:53:03
51.52312,-0.03955,04/09/2016 07:53:08
51.52299,-0.03994,04/09/2016 07:53:13
51.52267,-0.04025,04/09/2016 07:53:18
51.52265,-0.04108,04/09/2016 07:53:22
51.52249,-0.04187,04/09/2016 07:53:29
51.52221,-0.0427,04/09/2016 07:53:34
51.52202,-0.04376,04/09/2016 07:53:39
51.52219,-0.04431,04/09/2016 07:53:44
51.52192,-0.04562,04/09/2016 07:53:49
51.52186,-0.04621,04/09/2016 07:53:54
51.52201,-0.04636,04/09/2016 07:53:59
51.52232,-0.04666,04/09/2016 07:54:04
51.52262,-0.04695,04/09/2016 07:54:09
51.52279,-0.04703,04/09/2016 07:54:14
51.5229,-0.04668,04/09/2016 07:54:19
51.52301,-0.04631,04/09/2016 07:54:24
51.52311,-0.04597,04/09/2016 07:54:29
51.52321,-0.04559,04/09/2016 07:54:34
51.52329,-0.04529,04/09/2016 07:54:39
51.52334,-0.04511,04/09/2016 07:54:44
51.52355,-0.04443,04/09/2016 07:54:49
51.52364,-0.04423,04/09/2016 07:54:54
51.5238,-0.0439,04/09/2016 07:54:59
51.52391,-0.04366,04/09/2016 07:55:04
51.52402,-0.04343,04/09/2016 07:55:09
51.52412,-0.04321,04/09/2016 07:55:14
51.52415,-0.04315,04/09/2016 07:55:19
51.52423,-0.04324,04/09/2016 07:55:24
51.5243,-0.04331,04/09/2016 07:55:29
51.52435,-0.04337,04/09/2016 07:55:34
51.52432,-0.04334,04/09/2016 07:57:15
51.52431,-0.04332,04/09/2016 07:57:20
51.52428,-0.04329,04/09/2016 08:01:11
51.52427,-0.04328,04/09/2016 08:01:16
51.52424,-0.04325,04/09/2016 08:01:46
51.52431,-0.04333,04/09/2016 08:01:51
51.52427,-0.0433,04/09/2016 08:01:56
51.5243,-0.04331,04/09/2016 08:02:11
51.52432,-0.04334,04/09/2016 08:02:16
51.52432,-0.04333,04/09/2016 08:02:21
51.52409,-0.04327,04/09/2016 08:02:26
51.5241,-0.04323,04/09/2016 08:03:42
51.52428,-0.0433,04/09/2016 08:03:48
51.52431,-0.04333,04/09/2016 08:03:54
51.52415,-0.04323,04/09/2016 08:03:59
51.52421,-0.04322,04/09/2016 08:04:04
51.52431,-0.04332,04/09/2016 08:04:10
51.52432,-0.04334,04/09/2016 08:06:00
51.52455,-0.04358,04/09/2016 08:06:05
51.52481,-0.04387,04/09/2016 08:06:10
51.52507,-0.04415,04/09/2016 08:06:15
51.5254,-0.04451,04/09/2016 08:06:20
51.52547,-0.04459,04/09/2016 08:06:25
51.52561,-0.04474,04/09/2016 08:06:30
51.52543,-0.04455,04/09/2016 08:06:35
51.5254,-0.04451,04/09/2016 08:08:40
51.52552,-0.04464,04/09/2016 08:08:45
51.52586,-0.04501,04/09/2016 08:08:50
51.52606,-0.04523,04/09/2016 08:08:55
51.52617,-0.04535,04/09/2016 08:09:00
51.52624,-0.04559,04/09/2016 08:09:05
51.52621,-0.04589,04/09/2016 08:09:10
51.52606,-0.04614,04/09/2016 08:09:15
51.52586,-0.04598,04/09/2016 08:09:20
51.52556,-0.04573,04/09/2016 08:09:25
51.52532,-0.04547,04/09/2016 08:09:30
51.52505,-0.04519,04/09/2016 08:09:35
51.52476,-0.04487,04/09/2016 08:09:40
51.52454,-0.04464,04/09/2016 08:09:45
51.52439,-0.04447,04/09/2016 08:09:50
51.52422,-0.04427,04/09/2016 08:09:55
51.52418,-0.04423,04/09/2016 08:10:00
51.52402,-0.04403,04/09/2016 08:10:05
51.52389,-0.04388,04/09/2016 08:10:10
51.52384,-0.04382,04/09/2016 08:10:16
51.5238,-0.0439,04/09/2016 08:10:21
51.52372,-0.04405,04/09/2016 08:10:26
51.52366,-0.04418,04/09/2016 08:10:31
51.52355,-0.04443,04/09/2016 08:10:36
51.52343,-0.04477,04/09/2016 08:10:41
51.52335,-0.04506,04/09/2016 08:10:46
51.52331,-0.04521,04/09/2016 08:10:51
51.52327,-0.04534,04/09/2016 08:10:56
51.5233,-0.04526,04/09/2016 08:11:01
51.52331,-0.0452,04/09/2016 08:11:06
51.52334,-0.04511,04/09/2016 08:11:11
51.52334,-0.04511,04/09/2016 08:11:21
51.5233,-0.04525,04/09/2016 08:11:26
51.5233,-0.04525,04/09/2016 08:11:31
51.52335,-0.04514,04/09/2016 08:11:36
51.52332,-0.04518,04/09/2016 08:33:20
51.52327,-0.04535,04/09/2016 08:33:25
51.52326,-0.0454,04/09/2016 08:33:40
51.52325,-0.04544,04/09/2016 08:33:45
51.52324,-0.04545,04/09/2016 08:34:00
51.52322,-0.04553,04/09/2016 08:34:05
51.52321,-0.04558,04/09/2016 08:34:10
51.5232,-0.04564,04/09/2016 08:34:15
51.52318,-0.04571,04/09/2016 08:34:20
51.52319,-0.0457,04/09/2016 08:37:16
51.52321,-0.0456,04/09/2016 08:37:21
51.52323,-0.04551,04/09/2016 08:37:26
51.52325,-0.04544,04/09/2016 08:37:31
51.52327,-0.04536,04/09/2016 08:37:36
51.52329,-0.04529,04/09/2016 08:37:41
51.5233,-0.04524,04/09/2016 08:37:46
51.52331,-0.04521,04/09/2016 08:37:51
51.52331,-0.04519,04/09/2016 08:37:55
51.52334,-0.04511,04/09/2016 08:38:01
51.52334,-0.04511,04/09/2016 08:40:46
51.52332,-0.0452,04/09/2016 08:40:52
51.52332,-0.0452,04/09/2016 08:41:12
51.52309,-0.04602,04/09/2016 08:41:17
51.52306,-0.04617,04/09/2016 08:41:22
51.52306,-0.04617,04/09/2016 08:41:32
51.52286,-0.04682,04/09/2016 08:41:37
51.52283,-0.0469,04/09/2016 08:41:42
51.52282,-0.04697,04/09/2016 08:41:48
51.5227,-0.04697,04/09/2016 08:41:53
51.52265,-0.04697,04/09/2016 08:41:58
51.52266,-0.04698,04/09/2016 08:42:08
51.52289,-0.04672,04/09/2016 08:42:13
51.52289,-0.04671,04/09/2016 08:42:18
51.52299,-0.04639,04/09/2016 08:42:23
51.52325,-0.04577,04/09/2016 08:42:28
51.5233,-0.0458,04/09/2016 08:42:33
51.52338,-0.04586,04/09/2016 08:42:38
51.52352,-0.04595,04/09/2016 08:42:43
51.52379,-0.04614,04/09/2016 08:42:48
51.52389,-0.04623,04/09/2016 08:42:53
51.52398,-0.0463,04/09/2016 08:42:58
51.52397,-0.0463,04/09/2016 08:43:03
51.52406,-0.04637,04/09/2016 08:43:08
51.52406,-0.04637,04/09/2016 08:43:13
51.5244,-0.04661,04/09/2016 08:43:18
51.52454,-0.04671,04/09/2016 08:43:23
51.5246,-0.04683,04/09/2016 08:43:28
51.5245,-0.04715,04/09/2016 08:43:33
51.52427,-0.04785,04/09/2016 08:43:38
51.52414,-0.04827,04/09/2016 08:43:43
51.52402,-0.04817,04/09/2016 08:43:48
51.52376,-0.04795,04/09/2016 08:43:53
51.52318,-0.04744,04/09/2016 08:43:58
51.52282,-0.04713,04/09/2016 08:44:03
51.5227,-0.04702,04/09/2016 08:44:08
51.52267,-0.047,04/09/2016 08:44:13
51.52255,-0.04687,04/09/2016 08:44:18
51.5223,-0.04664,04/09/2016 08:44:23
51.5221,-0.04645,04/09/2016 08:44:28
51.52209,-0.04644,04/09/2016 08:44:33
51.52202,-0.04636,04/09/2016 08:44:38
51.52204,-0.04639,04/09/2016 08:44:43
51.52207,-0.04641,04/09/2016 08:44:48
51.52205,-0.0464,04/09/2016 08:45:23
51.52195,-0.0463,04/09/2016 08:45:28
51.52188,-0.04608,04/09/2016 08:45:33
51.52201,-0.04541,04/09/2016 08:45:38
51.5221,-0.04488,04/09/2016 08:45:43
51.5221,-0.04488,04/09/2016 08:45:48
51.52227,-0.04334,04/09/2016 08:45:53
51.52237,-0.04261,04/09/2016 08:45:58
51.52246,-0.04199,04/09/2016 08:46:03
51.52259,-0.04192,04/09/2016 08:46:08
51.52259,-0.04192,04/09/2016 08:46:13
51.52284,-0.04205,04/09/2016 08:46:18
51.52296,-0.04212,04/09/2016 08:46:23
51.52296,-0.04212,04/09/2016 08:46:38
51.5227,-0.04198,04/09/2016 08:46:43
51.52252,-0.04189,04/09/2016 08:46:49
51.52245,-0.04207,04/09/2016 08:46:54
51.52234,-0.04284,04/09/2016 08:46:59
51.5223,-0.04314,04/09/2016 08:47:04
51.52219,-0.04429,04/09/2016 08:47:09
51.5221,-0.04482,04/09/2016 08:47:14
51.52202,-0.04535,04/09/2016 08:47:19
51.52194,-0.04576,04/09/2016 08:47:24
51.52191,-0.04592,04/09/2016 08:47:29
51.52191,-0.04595,04/09/2016 08:47:34
51.52192,-0.04626,04/09/2016 08:47:39
51.52226,-0.0466,04/09/2016 08:47:44
51.52255,-0.04687,04/09/2016 08:47:49
51.52275,-0.04707,04/09/2016 08:47:54
51.52279,-0.04706,04/09/2016 08:48:04
51.52284,-0.04688,04/09/2016 08:48:09
51.52295,-0.04652,04/09/2016 08:48:14
51.52301,-0.04631,04/09/2016 08:48:19
51.523,-0.04637,04/09/2016 08:48:29
51.52299,-0.04639,04/09/2016 08:48:34
51.52297,-0.04644,04/09/2016 08:48:44
51.52294,-0.04654,04/09/2016 08:48:49
51.52284,-0.04688,04/09/2016 08:48:54
51.52278,-0.0471,04/09/2016 08:48:59
51.52264,-0.04697,04/09/2016 08:49:04
51.52247,-0.0468,04/09/2016 08:49:09
51.52236,-0.0467,04/09/2016 08:49:14
51.52229,-0.04663,04/09/2016 08:49:19
51.52225,-0.04658,04/09/2016 08:49:24
51.52219,-0.04653,04/09/2016 08:49:29
51.52217,-0.04651,04/09/2016 08:49:49
51.52211,-0.04645,04/09/2016 08:49:54
51.52192,-0.04626,04/09/2016 08:49:59
51.52189,-0.04605,04/09/2016 08:50:04
51.5219,-0.04599,04/09/2016 08:50:34
51.52191,-0.04594,04/09/2016 08:50:39
51.52192,-0.04586,04/09/2016 08:50:44
51.52191,-0.04593,04/09/2016 08:51:30
51.52197,-0.04566,04/09/2016 08:51:35
51.52197,-0.04566,04/09/2016 09:00:32
51.52192,-0.04602,04/09/2016 09:00:37
51.52197,-0.04566,04/09/2016 09:00:42
51.52197,-0.04566,04/09/2016 09:00:57
51.52198,-0.04559,04/09/2016 09:01:02
51.52199,-0.04552,04/09/2016 09:01:07
51.522,-0.04542,04/09/2016 09:01:12
51.52202,-0.04534,04/09/2016 09:01:17
51.52203,-0.04524,04/09/2016 09:01:22
51.52205,-0.04516,04/09/2016 09:01:27
51.52206,-0.04506,04/09/2016 09:01:32
51.52208,-0.04498,04/09/2016 09:01:37
51.52207,-0.04499,04/09/2016 09:05:24
51.52206,-0.0451,04/09/2016 09:05:29
51.52204,-0.04521,04/09/2016 09:05:34
51.52202,-0.04532,04/09/2016 09:05:39
51.522,-0.04542,04/09/2016 09:05:44
51.52199,-0.04553,04/09/2016 09:05:49
51.52197,-0.04563,04/09/2016 09:05:54
51.52195,-0.04572,04/09/2016 09:05:59
51.52193,-0.04584,04/09/2016 09:06:04
51.52192,-0.04593,04/09/2016 09:06:09
51.52193,-0.04587,04/09/2016 09:08:49
51.52198,-0.04559,04/09/2016 09:08:54
51.52207,-0.04499,04/09/2016 09:08:59
51.52219,-0.04431,04/09/2016 09:09:04
51.52223,-0.04384,04/09/2016 09:09:09
51.52229,-0.04316,04/09/2016 09:09:14
51.52238,-0.04253,04/09/2016 09:09:19
51.52246,-0.04201,04/09/2016 09:09:24
51.52265,-0.04195,04/09/2016 09:09:29
51.52265,-0.04195,04/09/2016 09:09:39
51.52281,-0.04204,04/09/2016 09:09:44
51.52297,-0.04212,04/09/2016 09:09:49
51.52309,-0.0422,04/09/2016 09:09:54
51.52315,-0.04224,04/09/2016 09:10:00
51.52333,-0.04236,04/09/2016 09:10:05
51.52357,-0.04252,04/09/2016 09:10:10
51.52389,-0.04287,04/09/2016 09:10:15
51.52407,-0.04307,04/09/2016 09:10:20
51.5241,-0.04325,04/09/2016 09:10:25
51.52398,-0.0435,04/09/2016 09:10:30
51.52382,-0.04385,04/09/2016 09:10:35
51.5237,-0.0441,04/09/2016 09:10:40
51.52358,-0.04435,04/09/2016 09:10:45
51.52343,-0.04476,04/09/2016 09:10:50
51.5233,-0.04523,04/09/2016 09:10:55
51.52324,-0.04548,04/09/2016 09:11:00
51.52318,-0.04572,04/09/2016 09:11:05
51.52305,-0.04617,04/09/2016 09:11:10
51.52286,-0.04681,04/09/2016 09:11:15
51.52278,-0.0471,04/09/2016 09:11:20
51.52278,-0.0471,04/09/2016 09:11:30
51.5229,-0.0472,04/09/2016 09:11:35
51.52316,-0.04743,04/09/2016 09:11:40
51.52323,-0.04765,04/09/2016 09:11:45
51.52323,-0.04767,04/09/2016 09:11:50
51.52318,-0.04784,04/09/2016 09:11:55
51.52306,-0.04794,04/09/2016 09:12:00
51.52308,-0.04796,04/09/2016 09:12:20
51.52318,-0.04784,04/09/2016 09:12:25
51.52322,-0.04768,04/09/2016 09:12:30
51.52327,-0.04752,04/09/2016 09:12:35
51.52331,-0.04756,04/09/2016 09:12:40
51.52364,-0.04784,04/09/2016 09:12:45
51.52409,-0.04823,04/09/2016 09:12:50
51.52425,-0.04836,04/09/2016 09:12:55
51.52418,-0.04884,04/09/2016 09:13:00
51.52416,-0.04889,04/09/2016 09:13:05
51.52396,-0.04949,04/09/2016 09:13:10
51.5238,-0.04989,04/09/2016 09:13:15
51.52359,-0.05045,04/09/2016 09:13:20
51.52345,-0.05076,04/09/2016 09:13:25
51.52325,-0.05124,04/09/2016 09:13:30
51.52312,-0.05152,04/09/2016 09:13:35
51.52295,-0.05194,04/09/2016 09:13:40
51.52286,-0.05242,04/09/2016 09:13:45
51.52284,-0.05276,04/09/2016 09:13:50
51.52279,-0.05323,04/09/2016 09:13:55
51.52278,-0.05334,04/09/2016 09:14:00
51.52275,-0.05378,04/09/2016 09:14:05
51.52269,-0.05439,04/09/2016 09:14:10
51.52268,-0.05482,04/09/2016 09:14:15
51.52268,-0.05476,04/09/2016 09:14:50
51.52245,-0.05526,04/09/2016 09:14:55
51.52199,-0.05552,04/09/2016 09:15:00
51.52155,-0.0558,04/09/2016 09:15:05
51.52109,-0.05609,04/09/2016 09:15:10
51.52082,-0.05625,04/09/2016 09:15:15
51.52069,-0.05633,04/09/2016 09:15:20
51.52041,-0.05641,04/09/2016 09:15:25
51.52022,-0.05643,04/09/2016 09:15:30
51.52013,-0.05644,04/09/2016 09:15:35
51.52007,-0.05645,04/09/2016 09:15:40
51.5201,-0.05644,04/09/2016 09:15:45
51.51988,-0.05609,04/09/2016 09:15:50
51.51998,-0.05558,04/09/2016 09:15:55
51.52011,-0.05489,04/09/2016 09:16:00
51.52023,-0.05427,04/09/2016 09:16:05
51.52031,-0.05387,04/09/2016 09:16:10
51.52032,-0.05381,04/09/2016 09:16:15
51.52033,-0.05373,04/09/2016 09:16:20
51.52041,-0.05331,04/09/2016 09:16:25
51.52051,-0.05277,04/09/2016 09:16:30
51.52062,-0.05221,04/09/2016 09:16:35
51.5208,-0.05225,04/09/2016 09:16:40
51.52099,-0.05229,04/09/2016 09:16:45
51.5212,-0.05235,04/09/2016 09:16:50
51.5214,-0.05244,04/09/2016 09:16:55
51.52159,-0.05256,04/09/2016 09:17:00
51.52166,-0.05268,04/09/2016 09:17:05
51.52169,-0.05273,04/09/2016 09:17:10
51.52171,-0.05276,04/09/2016 09:17:15
51.52173,-0.0528,04/09/2016 09:19:16
51.52185,-0.05304,04/09/2016 09:19:21
51.52189,-0.05307,04/09/2016 09:22:21
51.52177,-0.05285,04/09/2016 09:22:26
51.5218,-0.0529,04/09/2016 09:22:36
51.52181,-0.05292,04/09/2016 09:22:41
51.52178,-0.05288,04/09/2016 09:24:51
51.52187,-0.05304,04/09/2016 09:24:56
51.52189,-0.05307,04/09/2016 09:27:16
51.52198,-0.0532,04/09/2016 09:27:21
51.52213,-0.05343,04/09/2016 09:27:26
51.52231,-0.05372,04/09/2016 09:27:31
51.52248,-0.05398,04/09/2016 09:27:36
51.52261,-0.05417,04/09/2016 09:27:41
51.52266,-0.05425,04/09/2016 09:27:46
51.52269,-0.05435,04/09/2016 09:27:51
51.52269,-0.05457,04/09/2016 09:27:56
51.52268,-0.05466,04/09/2016 09:28:02
51.52268,-0.0547,04/09/2016 09:28:47
51.52267,-0.05503,04/09/2016 09:28:52
51.5229,-0.05504,04/09/2016 09:28:57
51.52344,-0.05493,04/09/2016 09:29:02
51.52375,-0.0549,04/09/2016 09:29:07
51.52433,-0.05486,04/09/2016 09:29:12
51.52474,-0.05488,04/09/2016 09:29:17
51.52521,-0.055,04/09/2016 09:29:22
51.52554,-0.05509,04/09/2016 09:29:27
51.5259,-0.0552,04/09/2016 09:29:32
51.52625,-0.05531,04/09/2016 09:29:37
51.52662,-0.05539,04/09/2016 09:29:42
51.52709,-0.05549,04/09/2016 09:29:47
51.52734,-0.05551,04/09/2016 09:29:52
51.52744,-0.05607,04/09/2016 09:29:57
51.52738,-0.05665,04/09/2016 09:30:02
51.52731,-0.05725,04/09/2016 09:30:07
51.52722,-0.0578,04/09/2016 09:30:12
51.52716,-0.05839,04/09/2016 09:30:17
51.52714,-0.05868,04/09/2016 09:30:22
51.52713,-0.05877,04/09/2016 09:30:27
51.52711,-0.05897,04/09/2016 09:30:32
51.52696,-0.05916,04/09/2016 09:30:37
51.52678,-0.05913,04/09/2016 09:30:42
51.52657,-0.05912,04/09/2016 09:30:47
51.52637,-0.05914,04/09/2016 09:30:52
51.5262,-0.05914,04/09/2016 09:30:57
51.52607,-0.05914,04/09/2016 09:31:02
51.52605,-0.05915,04/09/2016 09:34:52
51.52559,-0.05911,04/09/2016 09:34:57
51.52557,-0.05919,04/09/2016 09:35:02
51.52561,-0.05919,04/09/2016 09:41:23
51.52563,-0.05919,04/09/2016 09:41:28
51.52567,-0.05919,04/09/2016 09:41:33
51.52572,-0.05919,04/09/2016 09:41:38
51.52576,-0.05918,04/09/2016 09:41:43
51.5258,-0.05918,04/09/2016 09:41:48
51.52583,-0.05917,04/09/2016 09:43:24
51.52588,-0.05917,04/09/2016 09:43:30
51.52557,-0.05916,04/09/2016 09:43:35
51.52576,-0.05918,04/09/2016 09:43:40
51.52565,-0.05919,04/09/2016 09:43:45
51.52565,-0.05919,04/09/2016 09:43:50
51.5256,-0.05919,04/09/2016 09:43:55
51.52556,-0.0592,04/09/2016 09:44:05
51.52555,-0.0592,04/09/2016 09:44:09
51.52553,-0.0592,04/09/2016 09:47:30
51.52542,-0.05921,04/09/2016 09:47:35
51.52527,-0.05923,04/09/2016 09:47:40
51.52477,-0.05929,04/09/2016 09:47:45
51.52456,-0.05931,04/09/2016 09:47:50
51.52431,-0.05934,04/09/2016 09:47:55
51.52431,-0.05934,04/09/2016 09:48:00
51.52422,-0.05935,04/09/2016 09:48:05
51.52421,-0.05956,04/09/2016 09:48:10
51.52418,-0.06015,04/09/2016 09:48:15
51.52411,-0.06033,04/09/2016 09:48:20
51.52397,-0.06038,04/09/2016 09:48:25
51.52383,-0.06038,04/09/2016 09:48:29
51.52383,-0.06038,04/09/2016 09:48:29
51.52332,-0.06037,04/09/2016 09:48:40
51.52316,-0.06035,04/09/2016 09:48:45
51.52296,-0.06032,04/09/2016 09:48:50
51.52291,-0.06026,04/09/2016 09:48:55
51.52291,-0.0602,04/09/2016 09:49:25
51.52291,-0.06012,04/09/2016 09:49:30
51.52291,-0.06004,04/09/2016 09:49:35
51.52291,-0.06,04/09/2016 09:49:40
51.52291,-0.05994,04/09/2016 09:49:45
51.52291,-0.0599,04/09/2016 09:49:55
51.52291,-0.05984,04/09/2016 09:50:00
51.52291,-0.05982,04/09/2016 09:50:31
51.52291,-0.05976,04/09/2016 09:50:37
51.52291,-0.05982,04/09/2016 09:52:57
51.52291,-0.06021,04/09/2016 09:53:02
51.52247,-0.06019,04/09/2016 09:53:07
51.52233,-0.06009,04/09/2016 09:53:12
51.5221,-0.05992,04/09/2016 09:53:17
51.52185,-0.05975,04/09/2016 09:53:22
51.52168,-0.05963,04/09/2016 09:53:27
51.52155,-0.05938,04/09/2016 09:53:32
51.52165,-0.05867,04/09/2016 09:53:37
51.52173,-0.05812,04/09/2016 09:53:42
51.5218,-0.05807,04/09/2016 09:53:47
51.52202,-0.05812,04/09/2016 09:53:52
51.52251,-0.05818,04/09/2016 09:53:57
51.52277,-0.05823,04/09/2016 09:54:02
51.52302,-0.05824,04/09/2016 09:54:07
51.52326,-0.05826,04/09/2016 09:54:12
51.52336,-0.05827,04/09/2016 09:54:17
51.52332,-0.05826,04/09/2016 09:54:22
51.5235,-0.05831,04/09/2016 09:54:27
51.52369,-0.05835,04/09/2016 09:54:32
51.5236,-0.05887,04/09/2016 09:54:37
51.52358,-0.05907,04/09/2016 09:54:42
51.52356,-0.05926,04/09/2016 09:54:47
51.52351,-0.05925,04/09/2016 09:54:52
51.52343,-0.05924,04/09/2016 09:54:57
51.52333,-0.05916,04/09/2016 09:55:02
51.52333,-0.05908,04/09/2016 09:55:07
51.52333,-0.05901,04/09/2016 09:55:12
51.52333,-0.05895,04/09/2016 09:55:17
51.52333,-0.05888,04/09/2016 09:55:27
51.52333,-0.05887,04/09/2016 09:55:31
51.52333,-0.05892,04/09/2016 10:00:08
51.52336,-0.05913,04/09/2016 10:00:13
51.52341,-0.05925,04/09/2016 10:00:18
51.52343,-0.05925,04/09/2016 10:00:38
51.52346,-0.05925,04/09/2016 10:00:43
51.52357,-0.05917,04/09/2016 10:00:48
51.52356,-0.05918,04/09/2016 10:00:53
51.52356,-0.05924,04/09/2016 10:00:58
51.52356,-0.05919,04/09/2016 10:03:38
51.52357,-0.0591,04/09/2016 10:03:43
51.52358,-0.05902,04/09/2016 10:03:48
51.52358,-0.05902,04/09/2016 10:03:53
51.52357,-0.05912,04/09/2016 10:03:58
51.52356,-0.05918,04/09/2016 10:04:03
51.52352,-0.05925,04/09/2016 10:04:08
51.52356,-0.05923,04/09/2016 10:04:13
51.52344,-0.05925,04/09/2016 10:04:18
51.52356,-0.0592,04/09/2016 10:04:23
51.52357,-0.05916,04/09/2016 10:04:28
51.52358,-0.05909,04/09/2016 10:04:33
51.52358,-0.05903,04/09/2016 10:05:03
51.52359,-0.05901,04/09/2016 10:05:07
51.52359,-0.05898,04/09/2016 10:05:39
51.5236,-0.05888,04/09/2016 10:05:44
51.52361,-0.05882,04/09/2016 10:05:49
51.52318,-0.05825,04/09/2016 10:05:54
51.5232,-0.05826,04/09/2016 10:05:59
51.52333,-0.05834,04/09/2016 10:06:04
51.52327,-0.05826,04/09/2016 10:06:09
51.52319,-0.05825,04/09/2016 10:06:14
51.52305,-0.05825,04/09/2016 10:06:19
51.52279,-0.05823,04/09/2016 10:06:24
51.52256,-0.05819,04/09/2016 10:06:29
51.52228,-0.05815,04/09/2016 10:06:34
51.52201,-0.05812,04/09/2016 10:06:39
51.52171,-0.05803,04/09/2016 10:06:44
51.52143,-0.05789,04/09/2016 10:06:49
51.52119,-0.05778,04/09/2016 10:06:54
51.52103,-0.05759,04/09/2016 10:06:59
51.52108,-0.05729,04/09/2016 10:07:04
51.52114,-0.05694,04/09/2016 10:07:09
51.5211,-0.0566,04/09/2016 10:07:14
51.52103,-0.05627,04/09/2016 10:07:19
51.52103,-0.05625,04/09/2016 10:07:24
51.52085,-0.05624,04/09/2016 10:07:29
51.52039,-0.05641,04/09/2016 10:07:34
51.5202,-0.05643,04/09/2016 10:07:39
51.52017,-0.05643,04/09/2016 10:07:44
51.51983,-0.05638,04/09/2016 10:07:49
51.5198,-0.05636,04/09/2016 10:07:54
51.51937,-0.05598,04/09/2016 10:07:59
51.51898,-0.05576,04/09/2016 10:08:04
51.51867,-0.05563,04/09/2016 10:08:09
51.51826,-0.05547,04/09/2016 10:08:14
51.51781,-0.05529,04/09/2016 10:08:19
51.51739,-0.05519,04/09/2016 10:08:24
51.51693,-0.05519,04/09/2016 10:08:29
51.51684,-0.05512,04/09/2016 10:08:34
51.51684,-0.05502,04/09/2016 10:08:39
51.51683,-0.05486,04/09/2016 10:08:44
51.51682,-0.05436,04/09/2016 10:08:49
51.51682,-0.05403,04/09/2016 10:08:54
51.51682,-0.05394,04/09/2016 10:08:59
51.51682,-0.05401,04/09/2016 10:11:15
51.51682,-0.05402,04/09/2016 10:11:20
51.51682,-0.05403,04/09/2016 10:16:56
51.51681,-0.05416,04/09/2016 10:17:01
51.51682,-0.05409,04/09/2016 10:20:22
51.51682,-0.05395,04/09/2016 10:20:26
51.51682,-0.05401,04/09/2016 10:22:32
51.51679,-0.05408,04/09/2016 10:22:37
51.51682,-0.05419,04/09/2016 10:22:42
51.51682,-0.05427,04/09/2016 10:22:47
51.51682,-0.05438,04/09/2016 10:22:52
51.51682,-0.05435,04/09/2016 10:23:17
51.51682,-0.05425,04/09/2016 10:23:22
51.51682,-0.05419,04/09/2016 10:23:37
51.51682,-0.05398,04/09/2016 10:23:42
51.51682,-0.05396,04/09/2016 10:25:47
51.51682,-0.05387,04/09/2016 10:25:52
51.51682,-0.05363,04/09/2016 10:25:57
51.51682,-0.05339,04/09/2016 10:26:02
51.51682,-0.0531,04/09/2016 10:26:07
51.51682,-0.05303,04/09/2016 10:26:12
51.51683,-0.05302,04/09/2016 10:26:17
51.51694,-0.05302,04/09/2016 10:26:22
51.51713,-0.053,04/09/2016 10:26:27
51.51727,-0.0534,04/09/2016 10:26:32
51.51734,-0.05378,04/09/2016 10:26:37
51.51742,-0.05417,04/09/2016 10:26:42
51.51751,-0.05457,04/09/2016 10:26:47
51.51759,-0.05498,04/09/2016 10:26:53
51.51753,-0.0552,04/09/2016 10:26:58
51.51731,-0.05519,04/09/2016 10:27:03
51.517,-0.05518,04/09/2016 10:27:08
51.51675,-0.0552,04/09/2016 10:27:13
51.51647,-0.05523,04/09/2016 10:27:18
51.51631,-0.05524,04/09/2016 10:27:23
51.51631,-0.05538,04/09/2016 10:27:28
51.51632,-0.05582,04/09/2016 10:27:33
51.51633,-0.05627,04/09/2016 10:27:38
51.51641,-0.05652,04/09/2016 10:27:43
51.51639,-0.05652,04/09/2016 10:27:47
51.51635,-0.05661,04/09/2016 10:27:53
51.51634,-0.05706,04/09/2016 10:27:58
51.51629,-0.05714,04/09/2016 10:28:03
51.51604,-0.05715,04/09/2016 10:28:08
51.51601,-0.05756,04/09/2016 10:28:13
51.51595,-0.0583,04/09/2016 10:28:18
51.5159,-0.05885,04/09/2016 10:28:23
51.51585,-0.0594,04/09/2016 10:28:28
51.51578,-0.06003,04/09/2016 10:28:33
51.51575,-0.06039,04/09/2016 10:28:38
51.51574,-0.06043,04/09/2016 10:28:43
51.51573,-0.0606,04/09/2016 10:28:48
51.51573,-0.0606,04/09/2016 10:28:53
51.51532,-0.06041,04/09/2016 10:28:58
51.51532,-0.06042,04/09/2016 10:29:03
51.51518,-0.06046,04/09/2016 10:29:08
51.51504,-0.06043,04/09/2016 10:29:13
51.51487,-0.0604,04/09/2016 10:29:18
51.51475,-0.06038,04/09/2016 10:29:23
51.5147,-0.06028,04/09/2016 10:29:28
51.5147,-0.06002,04/09/2016 10:29:33
51.51469,-0.05989,04/09/2016 10:29:38
51.51469,-0.05981,04/09/2016 10:29:43
51.51469,-0.05976,04/09/2016 10:29:58
51.51468,-0.05961,04/09/2016 10:30:03
51.51467,-0.0594,04/09/2016 10:30:08
51.51467,-0.05937,04/09/2016 10:30:18
51.51467,-0.05927,04/09/2016 10:30:23
51.51465,-0.05878,04/09/2016 10:30:28
51.51464,-0.05858,04/09/2016 10:30:33
51.51495,-0.05862,04/09/2016 10:30:38
51.5153,-0.05869,04/09/2016 10:30:43
51.51537,-0.05872,04/09/2016 10:30:48
51.5156,-0.05881,04/09/2016 10:30:53
51.51574,-0.05887,04/09/2016 10:30:58
51.51578,-0.05889,04/09/2016 10:31:03
51.51581,-0.0589,04/09/2016 10:31:08
51.51578,-0.05889,04/09/2016 10:31:13
51.51576,-0.05888,04/09/2016 10:31:18
51.51574,-0.05887,04/09/2016 10:31:28
51.51571,-0.05886,04/09/2016 10:31:33
51.5159,-0.05894,04/09/2016 10:31:38
51.51584,-0.05891,04/09/2016 10:31:43
51.5159,-0.05894,04/09/2016 10:31:48
51.51587,-0.05916,04/09/2016 10:31:53
51.5158,-0.05982,04/09/2016 10:31:58
51.51577,-0.06019,04/09/2016 10:32:03
51.51575,-0.06039,04/09/2016 10:32:08
51.51574,-0.06049,04/09/2016 10:32:13
51.51569,-0.06093,04/09/2016 10:32:18
51.51566,-0.06133,04/09/2016 10:32:23
51.51562,-0.06171,04/09/2016 10:32:28
51.51559,-0.06197,04/09/2016 10:32:33
51.51559,-0.062,04/09/2016 10:33:08
51.51563,-0.06207,04/09/2016 10:33:13
51.51579,-0.0621,04/09/2016 10:33:18
51.51597,-0.06214,04/09/2016 10:33:23
51.51633,-0.06223,04/09/2016 10:33:28
51.51669,-0.06232,04/09/2016 10:33:33
51.51687,-0.06222,04/09/2016 10:33:38
51.5169,-0.06187,04/09/2016 10:33:43
51.51694,-0.06151,04/09/2016 10:33:48
51.51694,-0.0615,04/09/2016 10:33:58
51.51694,-0.06143,04/09/2016 10:34:03
51.51694,-0.0615,04/09/2016 10:35:18
51.51694,-0.06151,04/09/2016 10:35:23
51.51694,-0.06147,04/09/2016 10:36:44
51.51694,-0.06143,04/09/2016 10:36:49
51.51694,-0.06148,04/09/2016 10:40:39
51.51694,-0.06151,04/09/2016 10:40:44
51.51694,-0.06144,04/09/2016 10:45:14
51.51694,-0.06143,04/09/2016 10:45:19
51.51695,-0.06143,04/09/2016 10:58:12
51.51695,-0.06134,04/09/2016 10:58:17
51.517,-0.06089,04/09/2016 10:58:22
51.517,-0.06083,04/09/2016 10:58:27
51.51695,-0.06087,04/09/2016 10:58:32
51.5168,-0.06084,04/09/2016 10:58:37
51.51647,-0.06077,04/09/2016 10:58:42
51.51605,-0.06067,04/09/2016 10:58:47
51.51568,-0.06059,04/09/2016 10:58:52
51.51542,-0.06052,04/09/2016 10:58:57
51.51532,-0.0605,04/09/2016 10:59:02
51.51531,-0.06059,04/09/2016 10:59:07
51.51528,-0.06087,04/09/2016 10:59:12
51.51522,-0.06155,04/09/2016 10:59:17
51.51519,-0.06191,04/09/2016 10:59:22
51.51513,-0.06196,04/09/2016 10:59:27
51.51504,-0.06195,04/09/2016 10:59:32
51.51499,-0.06193,04/09/2016 10:59:37
51.51496,-0.06193,04/09/2016 11:00:07
51.51494,-0.06192,04/09/2016 11:00:12
51.51475,-0.06202,04/09/2016 11:00:17
51.51475,-0.06194,04/09/2016 11:00:22
51.51482,-0.0619,04/09/2016 11:00:27
51.51475,-0.0622,04/09/2016 11:00:32
51.51477,-0.06258,04/09/2016 11:00:37
51.51477,-0.06259,04/09/2016 11:00:42
51.51477,-0.06274,04/09/2016 11:00:47
51.51479,-0.06339,04/09/2016 11:00:52
51.5148,-0.06411,04/09/2016 11:00:57
51.51481,-0.06508,04/09/2016 11:01:02
51.51483,-0.06594,04/09/2016 11:01:07
51.51488,-0.06681,04/09/2016 11:01:12
51.51495,-0.06766,04/09/2016 11:01:17
51.51497,-0.06789,04/09/2016 11:01:22
51.51499,-0.06829,04/09/2016 11:01:27
51.51483,-0.06876,04/09/2016 11:01:32
51.51473,-0.06886,04/09/2016 11:01:37
51.51473,-0.06886,04/09/2016 11:01:41
51.51477,-0.06882,04/09/2016 11:01:47
51.51484,-0.06875,04/09/2016 11:01:52
51.51496,-0.06894,04/09/2016 11:01:57
51.51509,-0.06999,04/09/2016 11:02:02
51.51537,-0.07037,04/09/2016 11:02:07
51.51555,-0.07057,04/09/2016 11:02:12
51.51555,-0.0709,04/09/2016 11:02:17
51.51555,-0.0709,04/09/2016 11:02:22
51.51552,-0.07097,04/09/2016 11:02:27
51.5155,-0.07103,04/09/2016 11:02:56
51.5155,-0.07105,04/09/2016 11:03:02
51.51542,-0.07127,04/09/2016 11:03:07
51.51531,-0.07159,04/09/2016 11:03:12
51.51488,-0.07154,04/09/2016 11:03:17
51.51415,-0.07092,04/09/2016 11:03:23
51.51394,-0.07073,04/09/2016 11:03:28
51.51388,-0.07068,04/09/2016 11:03:33
51.51381,-0.07062,04/09/2016 11:03:38
51.51378,-0.0706,04/09/2016 11:03:48
51.51365,-0.0705,04/09/2016 11:03:53
51.51332,-0.07023,04/09/2016 11:03:58
51.51252,-0.06958,04/09/2016 11:04:03
51.51213,-0.06928,04/09/2016 11:04:08
51.51193,-0.06916,04/09/2016 11:04:13
51.51183,-0.0699,04/09/2016 11:04:18
51.51164,-0.07106,04/09/2016 11:04:23
51.51151,-0.07189,04/09/2016 11:04:28
51.51142,-0.07242,04/09/2016 11:04:33
51.51144,-0.07266,04/09/2016 11:04:38
51.51147,-0.07295,04/09/2016 11:04:43
51.51148,-0.07299,04/09/2016 11:04:48
51.51177,-0.07305,04/09/2016 11:04:53
51.51231,-0.07315,04/09/2016 11:04:58
51.51281,-0.07323,04/09/2016 11:05:03
51.51313,-0.07327,04/09/2016 11:05:08
51.51327,-0.07289,04/09/2016 11:05:13
51.51339,-0.07241,04/09/2016 11:05:18
51.51348,-0.07201,04/09/2016 11:05:23
51.51353,-0.07183,04/09/2016 11:05:28
51.5136,-0.07161,04/09/2016 11:05:33
51.51365,-0.07145,04/09/2016 11:05:38
51.51365,-0.07145,04/09/2016 11:05:48
51.51359,-0.0716,04/09/2016 11:05:53
51.51356,-0.07158,04/09/2016 11:06:03
51.51355,-0.07157,04/09/2016 11:06:08
51.51357,-0.07158,04/09/2016 11:06:28
51.5136,-0.07161,04/09/2016 11:06:33
51.5136,-0.07161,04/09/2016 11:06:48
51.51387,-0.07191,04/09/2016 11:06:52
51.51394,-0.07199,04/09/2016 11:06:57
51.51393,-0.07203,04/09/2016 11:08:24
51.51392,-0.07207,04/09/2016 11:08:29
51.51392,-0.07207,04/09/2016 11:12:14
51.5138,-0.0719,04/09/2016 11:12:21
51.51392,-0.07207,04/09/2016 11:12:26
51.51392,-0.07207,04/09/2016 11:16:41
51.51362,-0.07164,04/09/2016 11:16:46
51.5136,-0.07161,04/09/2016 11:17:15
51.51386,-0.07198,04/09/2016 11:17:21
51.51392,-0.07207,04/09/2016 11:17:25
51.51392,-0.07207,04/09/2016 11:17:41
51.51371,-0.07176,04/09/2016 11:17:46
51.5136,-0.07161,04/09/2016 11:17:51
51.5136,-0.07161,04/09/2016 11:18:22
51.51355,-0.07175,04/09/2016 11:18:27
51.51356,-0.0717,04/09/2016 11:18:33
51.51357,-0.07159,04/09/2016 11:18:38
51.51361,-0.07155,04/09/2016 11:18:43
51.51364,-0.07147,04/09/2016 11:18:48
51.51366,-0.0714,04/09/2016 11:18:53
51.51367,-0.07138,04/09/2016 11:19:03
51.51369,-0.07133,04/09/2016 11:19:08
51.5137,-0.07129,04/09/2016 11:19:13
51.51372,-0.07124,04/09/2016 11:19:18
51.51374,-0.07117,04/09/2016 11:19:23
51.51376,-0.0711,04/09/2016 11:19:28
51.51379,-0.07108,04/09/2016 11:19:54
51.51374,-0.07131,04/09/2016 11:19:59
51.51371,-0.07139,04/09/2016 11:20:04
51.51367,-0.07148,04/09/2016 11:20:09
51.51359,-0.0716,04/09/2016 11:20:14
51.51356,-0.07158,04/09/2016 11:20:25
51.51353,-0.07167,04/09/2016 11:20:30
51.51354,-0.07162,04/09/2016 11:20:35
51.51348,-0.07178,04/09/2016 11:20:40
51.51344,-0.07191,04/09/2016 11:20:44
51.51347,-0.07192,04/09/2016 11:25:22
51.51359,-0.07162,04/09/2016 11:25:27
51.5136,-0.07161,04/09/2016 11:25:47
51.51356,-0.07172,04/09/2016 11:25:52
51.51358,-0.07159,04/09/2016 11:25:56
51.51359,-0.0716,04/09/2016 11:26:41
51.51351,-0.07191,04/09/2016 11:26:47
51.51352,-0.07184,04/09/2016 11:27:17
51.51353,-0.07182,04/09/2016 11:27:21
51.51353,-0.07182,04/09/2016 11:29:37
51.51359,-0.07161,04/09/2016 11:29:42
51.51369,-0.07133,04/09/2016 11:29:47
51.51376,-0.07111,04/09/2016 11:29:52
51.51379,-0.07103,04/09/2016 11:29:57
51.5138,-0.071,04/09/2016 11:30:02
51.51384,-0.07087,04/09/2016 11:30:07
51.5139,-0.0707,04/09/2016 11:30:12
51.51384,-0.07065,04/09/2016 11:30:17
51.51364,-0.07049,04/09/2016 11:30:22
51.51342,-0.07032,04/09/2016 11:30:27
51.51327,-0.0702,04/09/2016 11:30:32
51.51297,-0.06995,04/09/2016 11:30:37
51.5125,-0.06957,04/09/2016 11:30:42
51.51209,-0.06924,04/09/2016 11:30:47
51.51179,-0.06902,04/09/2016 11:30:52
51.51152,-0.06881,04/09/2016 11:30:58
51.51113,-0.06862,04/09/2016 11:31:03
51.51105,-0.0686,04/09/2016 11:31:08
51.51108,-0.0686,04/09/2016 11:31:23
51.51111,-0.06861,04/09/2016 11:31:27
51.51111,-0.06861,04/09/2016 11:31:32
51.51103,-0.06859,04/09/2016 11:31:38
51.51082,-0.06854,04/09/2016 11:31:43
51.51075,-0.06851,04/09/2016 11:31:48
51.51073,-0.0685,04/09/2016 11:31:52
51.5107,-0.06849,04/09/2016 11:31:58
51.51061,-0.06845,04/09/2016 11:32:03
51.51038,-0.06836,04/09/2016 11:32:08
51.51025,-0.06831,04/09/2016 11:32:13
51.51022,-0.0683,04/09/2016 11:32:18
51.5102,-0.06829,04/09/2016 11:32:23
51.51017,-0.06827,04/09/2016 11:32:32
51.51016,-0.06826,04/09/2016 11:32:38
51.51015,-0.06826,04/09/2016 11:33:18
51.51004,-0.0682,04/09/2016 11:33:23
51.50983,-0.0681,04/09/2016 11:33:28
51.50971,-0.06804,04/09/2016 11:33:33
51.50974,-0.06806,04/09/2016 11:34:28
51.50962,-0.06799,04/09/2016 11:34:33
51.5094,-0.06788,04/09/2016 11:34:38
51.50936,-0.06786,04/09/2016 11:35:47
51.50931,-0.06784,04/09/2016 11:35:53
51.50908,-0.06773,04/09/2016 11:35:58
51.50867,-0.06739,04/09/2016 11:36:03
51.50836,-0.06712,04/09/2016 11:36:08
51.50816,-0.06689,04/09/2016 11:36:13
51.50787,-0.0667,04/09/2016 11:36:18
51.50772,-0.06667,04/09/2016 11:36:23
51.50753,-0.06664,04/09/2016 11:36:28
51.50733,-0.06663,04/09/2016 11:36:33
51.50734,-0.06663,04/09/2016 11:36:38
51.50719,-0.06663,04/09/2016 11:36:43
51.50684,-0.06665,04/09/2016 11:36:48
51.5065,-0.06673,04/09/2016 11:36:53
51.50645,-0.06671,04/09/2016 11:36:58
51.50619,-0.06658,04/09/2016 11:37:03
51.50596,-0.06633,04/09/2016 11:37:08
51.50577,-0.06604,04/09/2016 11:37:13
51.5055,-0.06561,04/09/2016 11:37:18
51.5052,-0.0651,04/09/2016 11:37:23
51.50505,-0.06458,04/09/2016 11:37:28
51.50501,-0.0642,04/09/2016 11:37:33
51.50505,-0.06417,04/09/2016 11:37:38
51.50512,-0.06411,04/09/2016 11:37:43
51.50521,-0.06404,04/09/2016 11:37:48
51.50539,-0.06387,04/09/2016 11:37:53
51.50541,-0.06385,04/09/2016 11:38:13
51.50538,-0.06377,04/09/2016 11:38:18
51.50537,-0.06374,04/09/2016 11:38:23
51.50535,-0.06367,04/09/2016 11:38:28
51.50534,-0.06354,04/09/2016 11:38:33
51.5054,-0.06346,04/09/2016 11:38:38
51.50544,-0.06344,04/09/2016 11:38:43
51.50545,-0.06343,04/09/2016 11:38:47
51.50549,-0.06339,04/09/2016 11:38:53
51.50558,-0.06331,04/09/2016 11:38:58
51.50563,-0.06352,04/09/2016 11:39:03
51.50562,-0.06367,04/09/2016 11:39:08
51.50561,-0.06371,04/09/2016 11:39:13
51.5055,-0.06379,04/09/2016 11:39:19
51.50541,-0.06385,04/09/2016 11:39:24
51.5053,-0.06396,04/09/2016 11:39:29
51.50523,-0.06402,04/09/2016 11:39:34
51.50527,-0.06405,04/09/2016 11:39:54
51.50528,-0.06409,04/09/2016 11:39:59
51.50529,-0.06411,04/09/2016 11:40:14
51.5053,-0.06416,04/09/2016 11:40:19
51.50529,-0.0641,04/09/2016 11:41:19
51.50526,-0.06403,04/09/2016 11:41:24
51.50534,-0.06426,04/09/2016 11:41:29
51.50535,-0.0643,04/09/2016 11:41:39
51.50538,-0.06441,04/09/2016 11:41:44
51.50534,-0.06427,04/09/2016 11:41:49
51.50532,-0.06422,04/09/2016 11:43:24
51.5053,-0.06416,04/09/2016 11:43:29
51.50529,-0.06411,04/09/2016 11:43:34
51.50527,-0.06405,04/09/2016 11:43:39
51.50532,-0.06394,04/09/2016 11:43:44
51.5054,-0.06383,04/09/2016 11:43:49
51.50534,-0.06389,04/09/2016 11:43:54
51.5052,-0.06405,04/09/2016 11:43:59
51.50518,-0.06407,04/09/2016 11:44:04
51.50526,-0.06401,04/09/2016 11:44:09
51.50536,-0.0637,04/09/2016 11:44:14
51.50535,-0.06368,04/09/2016 11:44:28
51.5053,-0.06383,04/09/2016 11:44:34
51.50526,-0.06401,04/09/2016 11:44:39
51.50521,-0.06404,04/09/2016 11:44:44
51.50526,-0.06401,04/09/2016 11:44:49
51.50526,-0.06402,04/09/2016 11:45:24
51.50529,-0.06413,04/09/2016 11:45:29
51.50539,-0.06389,04/09/2016 11:45:34
51.50541,-0.06386,04/09/2016 11:45:39
51.50539,-0.06429,04/09/2016 11:45:44
51.50539,-0.06442,04/09/2016 11:45:49
51.50539,-0.06442,04/09/2016 11:53:50
51.50535,-0.06432,04/09/2016 11:53:55
51.50532,-0.0642,04/09/2016 11:54:00
51.50531,-0.06418,04/09/2016 11:54:20
51.50529,-0.06411,04/09/2016 11:54:25
51.50526,-0.06403,04/09/2016 11:54:30
51.50526,-0.06401,04/09/2016 11:54:40
51.5052,-0.06405,04/09/2016 11:54:45
51.50516,-0.06408,04/09/2016 11:55:46
51.50515,-0.06409,04/09/2016 11:55:51
51.50515,-0.06409,04/09/2016 11:57:41
51.5052,-0.06405,04/09/2016 11:57:46
51.50519,-0.06406,04/09/2016 11:57:51
51.50506,-0.06417,04/09/2016 11:57:56
51.50505,-0.06418,04/09/2016 11:58:00
51.50498,-0.06423,04/09/2016 11:58:06
51.50513,-0.06411,04/09/2016 11:58:11
51.50509,-0.06411,04/09/2016 11:58:16
51.50492,-0.06415,04/09/2016 11:58:20
51.5049,-0.0641,04/09/2016 12:00:00
51.50499,-0.06416,04/09/2016 12:00:06
51.50503,-0.06419,04/09/2016 12:00:11
51.50516,-0.06409,04/09/2016 12:00:16
51.50524,-0.06402,04/09/2016 12:00:21
51.50529,-0.06411,04/09/2016 12:00:26
51.50531,-0.06419,04/09/2016 12:00:31
51.50533,-0.06425,04/09/2016 12:00:50
51.50534,-0.06427,04/09/2016 12:00:56
51.50534,-0.06428,04/09/2016 12:03:15
51.50538,-0.06438,04/09/2016 12:03:21
51.50529,-0.06411,04/09/2016 12:03:26
51.50528,-0.06407,04/09/2016 12:03:41
51.50539,-0.06389,04/09/2016 12:03:46
51.50541,-0.06386,04/09/2016 12:03:51
51.50522,-0.06403,04/09/2016 12:03:55
51.5052,-0.06405,04/09/2016 12:04:01
51.50512,-0.06412,04/09/2016 12:04:06
51.50502,-0.0642,04/09/2016 12:04:12
51.50494,-0.06419,04/09/2016 12:04:17
51.50485,-0.064,04/09/2016 12:04:22
51.50463,-0.06387,04/09/2016 12:04:27
51.50406,-0.06419,04/09/2016 12:04:32
51.50389,-0.06425,04/09/2016 12:04:37
51.50384,-0.06404,04/09/2016 12:04:42
51.50372,-0.06332,04/09/2016 12:04:47
51.50365,-0.06275,04/09/2016 12:04:52
51.50358,-0.06236,04/09/2016 12:04:57
51.50351,-0.06199,04/09/2016 12:05:02
51.50345,-0.06167,04/09/2016 12:05:07
51.50338,-0.06131,04/09/2016 12:05:12
51.50327,-0.06075,04/09/2016 12:05:17
51.50321,-0.06044,04/09/2016 12:05:22
51.50316,-0.06014,04/09/2016 12:05:27
51.50313,-0.05973,04/09/2016 12:05:32
51.50318,-0.05933,04/09/2016 12:05:37
51.50324,-0.0591,04/09/2016 12:05:42
51.50331,-0.05877,04/09/2016 12:05:47
51.50337,-0.05849,04/09/2016 12:05:52
51.50342,-0.05828,04/09/2016 12:05:57
51.50351,-0.05791,04/09/2016 12:06:02
51.50362,-0.05755,04/09/2016 12:06:07
51.50371,-0.05731,04/09/2016 12:06:12
51.50379,-0.0571,04/09/2016 12:06:17
51.5039,-0.05683,04/09/2016 12:06:22
51.50402,-0.05658,04/09/2016 12:06:27
51.5042,-0.05645,04/09/2016 12:06:32
51.50427,-0.05659,04/09/2016 12:06:37
51.50438,-0.05679,04/09/2016 12:06:42
51.50442,-0.05687,04/09/2016 12:06:47
51.50442,-0.05687,04/09/2016 12:06:57
51.50488,-0.05755,04/09/2016 12:07:02
51.50492,-0.05785,04/09/2016 12:07:07
51.50477,-0.05806,04/09/2016 12:07:12
51.50455,-0.05837,04/09/2016 12:07:17
51.50435,-0.05863,04/09/2016 12:07:22
51.50423,-0.05889,04/09/2016 12:07:27
51.50411,-0.05937,04/09/2016 12:07:32
51.50408,-0.05966,04/09/2016 12:07:37
51.50408,-0.05966,04/09/2016 12:07:42
51.50412,-0.06042,04/09/2016 12:07:47
51.50414,-0.06098,04/09/2016 12:07:52
51.50414,-0.06129,04/09/2016 12:07:57
51.50414,-0.0614,04/09/2016 12:08:02
51.50435,-0.06138,04/09/2016 12:08:07
51.50466,-0.06137,04/09/2016 12:08:12
51.50466,-0.06137,04/09/2016 12:08:22
51.50472,-0.06137,04/09/2016 12:08:27
51.50493,-0.06137,04/09/2016 12:08:32
51.50514,-0.06138,04/09/2016 12:08:37
51.50523,-0.06125,04/09/2016 12:08:42
51.50525,-0.06073,04/09/2016 12:08:47
51.50526,-0.06023,04/09/2016 12:08:52
51.50526,-0.05982,04/09/2016 12:08:57
51.50528,-0.05945,04/09/2016 12:09:02
51.50529,-0.0593,04/09/2016 12:09:07
51.50529,-0.0593,04/09/2016 12:09:12
51.50534,-0.05902,04/09/2016 12:09:17
51.50542,-0.05867,04/09/2016 12:09:22
51.5055,-0.05833,04/09/2016 12:09:27
51.50554,-0.05817,04/09/2016 12:09:32
51.50553,-0.05816,04/09/2016 12:09:42
51.50537,-0.05805,04/09/2016 12:09:47
51.50507,-0.0578,04/09/2016 12:09:52
51.50486,-0.05753,04/09/2016 12:09:57
51.50466,-0.0573,04/09/2016 12:10:02
51.50455,-0.05711,04/09/2016 12:10:07
51.50438,-0.05679,04/09/2016 12:10:12
51.50425,-0.05654,04/09/2016 12:10:17
51.50419,-0.05643,04/09/2016 12:10:22
51.50419,-0.05643,04/09/2016 12:10:27
51.50416,-0.05637,04/09/2016 12:10:32
51.50398,-0.05665,04/09/2016 12:10:37
51.50394,-0.05673,04/09/2016 12:10:42
51.50392,-0.05677,04/09/2016 12:10:47
51.50391,-0.05679,04/09/2016 12:10:52
51.50389,-0.05685,04/09/2016 12:10:57
51.50388,-0.05686,04/09/2016 12:11:02
51.50386,-0.05692,04/09/2016 12:15:23
51.50385,-0.05694,04/09/2016 12:15:28
51.50387,-0.05688,04/09/2016 12:16:37
51.50388,-0.05687,04/09/2016 12:16:42
51.50386,-0.05691,04/09/2016 12:26:15
51.50385,-0.05694,04/09/2016 12:26:19
51.50386,-0.05691,04/09/2016 12:27:16
51.50388,-0.05687,04/09/2016 12:27:21
51.50389,-0.05684,04/09/2016 12:27:26
51.50391,-0.05681,04/09/2016 12:27:31
51.50391,-0.05681,04/09/2016 12:27:36
51.50394,-0.05672,04/09/2016 12:27:41
51.50395,-0.05669,04/09/2016 12:27:46
51.50399,-0.05663,04/09/2016 12:27:51
51.50402,-0.05659,04/09/2016 12:28:36
51.50403,-0.05656,04/09/2016 12:28:41
51.50412,-0.05642,04/09/2016 12:28:46
51.50418,-0.05635,04/09/2016 12:28:51
51.50424,-0.05631,04/09/2016 12:28:56
51.50444,-0.05631,04/09/2016 12:29:01
51.50445,-0.05633,04/09/2016 12:29:06
51.50427,-0.05648,04/09/2016 12:29:11
51.50426,-0.05657,04/09/2016 12:29:16
51.50429,-0.05663,04/09/2016 12:29:21
51.50435,-0.05673,04/09/2016 12:29:26
51.50434,-0.05672,04/09/2016 12:29:32
51.50431,-0.05666,04/09/2016 12:29:37
51.50428,-0.0566,04/09/2016 12:29:42
51.50425,-0.05654,04/09/2016 12:29:47
51.50422,-0.0565,04/09/2016 12:29:52
51.50422,-0.05641,04/09/2016 12:29:57
51.50423,-0.05631,04/09/2016 12:30:02
51.5042,-0.05633,04/09/2016 12:30:58
51.50407,-0.0565,04/09/2016 12:36:02
51.50407,-0.05651,04/09/2016 12:36:12
51.50421,-0.05651,04/09/2016 12:36:17
51.50415,-0.05638,04/09/2016 12:36:22
51.50418,-0.05642,04/09/2016 12:36:27
51.50404,-0.05656,04/09/2016 12:36:32
51.50395,-0.05671,04/09/2016 12:36:37
51.50396,-0.05684,04/09/2016 12:36:42
51.50404,-0.05691,04/09/2016 12:36:47
51.50403,-0.05656,04/09/2016 12:36:52
51.50408,-0.05649,04/09/2016 12:36:57
51.50418,-0.05643,04/09/2016 12:37:02
51.50419,-0.05643,04/09/2016 12:37:17
51.50423,-0.05651,04/09/2016 12:37:22
51.50421,-0.05647,04/09/2016 12:37:42
51.5042,-0.05645,04/09/2016 12:37:47
51.50416,-0.05637,04/09/2016 12:37:52
51.50417,-0.0564,04/09/2016 12:38:02
51.50421,-0.05646,04/09/2016 12:38:07
51.50416,-0.05637,04/09/2016 12:38:12
51.50426,-0.05656,04/09/2016 12:38:17
51.50431,-0.05666,04/09/2016 12:38:22
51.50407,-0.05689,04/09/2016 12:38:27
51.50399,-0.05697,04/09/2016 12:38:31
51.50403,-0.05659,04/09/2016 12:38:35
51.50403,-0.05659,04/09/2016 12:38:35
51.50439,-0.05621,04/09/2016 12:40:38
51.50439,-0.05621,04/09/2016 12:40:48
51.5043,-0.05627,04/09/2016 12:40:53
51.50416,-0.05637,04/09/2016 12:40:58
51.50424,-0.0563,04/09/2016 12:41:03
51.50417,-0.05635,04/09/2016 12:41:08
51.50412,-0.05642,04/09/2016 12:41:13
51.50407,-0.0565,04/09/2016 12:41:18
51.50404,-0.05655,04/09/2016 12:41:23
51.50402,-0.05658,04/09/2016 12:41:28
51.50401,-0.05659,04/09/2016 12:41:33
51.50395,-0.05669,04/09/2016 12:41:38
51.50391,-0.05678,04/09/2016 12:41:43
51.50389,-0.05683,04/09/2016 12:41:48
51.50386,-0.05692,04/09/2016 12:41:53
51.50384,-0.05696,04/09/2016 12:42:48
51.50383,-0.05699,04/09/2016 12:42:53
51.50382,-0.05702,04/09/2016 12:47:45
51.50377,-0.05716,04/09/2016 12:47:50
51.50368,-0.05736,04/09/2016 12:47:55
51.50364,-0.05749,04/09/2016 12:48:00
51.50364,-0.05749,04/09/2016 12:48:05
51.50357,-0.05771,04/09/2016 12:48:10
51.50341,-0.05831,04/09/2016 12:48:15
51.50331,-0.05879,04/09/2016 12:48:20
51.5032,-0.05928,04/09/2016 12:48:25
51.50316,-0.05952,04/09/2016 12:48:30
51.50317,-0.05952,04/09/2016 12:48:35
51.50315,-0.05989,04/09/2016 12:48:40
51.5032,-0.06035,04/09/2016 12:48:45
51.50335,-0.06112,04/09/2016 12:48:50
51.50339,-0.06134,04/09/2016 12:48:55
51.50372,-0.06136,04/09/2016 12:49:01
51.50387,-0.06137,04/09/2016 12:49:06
51.50414,-0.06135,04/09/2016 12:49:11
51.50414,-0.06104,04/09/2016 12:49:16
51.50412,-0.06041,04/09/2016 12:49:21
51.50409,-0.05993,04/09/2016 12:49:26
51.50409,-0.05983,04/09/2016 12:49:31
51.50411,-0.05955,04/09/2016 12:49:36
51.50411,-0.05948,04/09/2016 12:50:01
51.50411,-0.05947,04/09/2016 12:50:07
51.50413,-0.05911,04/09/2016 12:50:12
51.50428,-0.05877,04/09/2016 12:50:17
51.50449,-0.05844,04/09/2016 12:50:22
51.50474,-0.0581,04/09/2016 12:50:27
51.50492,-0.05785,04/09/2016 12:50:32
51.50489,-0.05755,04/09/2016 12:50:38
51.50495,-0.05765,04/09/2016 12:50:43
51.50491,-0.05759,04/09/2016 12:50:48
51.50497,-0.05744,04/09/2016 12:50:53
51.50515,-0.0572,04/09/2016 12:50:58
51.50544,-0.05696,04/09/2016 12:51:03
51.50565,-0.0569,04/09/2016 12:51:08
51.50577,-0.05683,04/09/2016 12:51:13
51.50602,-0.05653,04/09/2016 12:51:18
51.50632,-0.05592,04/09/2016 12:51:23
51.50657,-0.05538,04/09/2016 12:51:28
51.50679,-0.05479,04/09/2016 12:51:34
51.50685,-0.0547,04/09/2016 12:51:39
51.50687,-0.05471,04/09/2016 12:51:44
51.50702,-0.05485,04/09/2016 12:51:49
51.50746,-0.055,04/09/2016 12:51:54
51.50776,-0.05502,04/09/2016 12:51:59
51.50818,-0.05506,04/09/2016 12:52:04
51.5086,-0.05513,04/09/2016 12:52:09
51.50874,-0.05515,04/09/2016 12:52:14
51.50894,-0.05518,04/09/2016 12:52:19
51.50919,-0.05513,04/09/2016 12:52:24
51.50925,-0.05498,04/09/2016 12:52:29
51.50926,-0.0549,04/09/2016 12:52:34
51.50926,-0.05482,04/09/2016 12:52:39
51.50927,-0.05474,04/09/2016 12:52:44
51.50927,-0.05474,04/09/2016 12:54:09
51.50928,-0.05466,04/09/2016 12:54:16
51.5093,-0.05458,04/09/2016 12:54:21
51.50928,-0.05438,04/09/2016 12:54:26
51.50927,-0.05428,04/09/2016 12:54:31
51.50926,-0.05412,04/09/2016 12:54:36
51.50926,-0.05404,04/09/2016 12:54:41
51.50926,-0.05408,04/09/2016 12:54:51
51.50927,-0.05415,04/09/2016 12:54:56
51.50926,-0.05405,04/09/2016 12:55:01
51.50926,-0.05406,04/09/2016 12:55:06
51.50927,-0.0542,04/09/2016 12:55:11
51.50927,-0.05424,04/09/2016 12:57:11
51.50928,-0.05436,04/09/2016 12:57:16
51.50927,-0.05425,04/09/2016 12:57:21
51.50927,-0.05422,04/09/2016 13:10:42
51.5093,-0.05458,04/09/2016 13:10:47
51.50929,-0.05449,04/09/2016 13:10:52
51.50929,-0.05455,04/09/2016 13:10:57
51.50927,-0.05474,04/09/2016 13:11:02
51.50924,-0.05485,04/09/2016 13:11:07
51.50918,-0.05515,04/09/2016 13:11:12
51.50896,-0.05518,04/09/2016 13:11:17
51.50869,-0.05514,04/09/2016 13:11:22
51.50849,-0.05511,04/09/2016 13:11:27
51.5084,-0.0551,04/09/2016 13:11:32
51.50842,-0.0551,04/09/2016 13:12:33
51.50855,-0.05512,04/09/2016 13:12:38
51.50873,-0.05515,04/09/2016 13:12:43
51.50883,-0.05516,04/09/2016 13:12:48
51.50895,-0.05518,04/09/2016 13:12:53
51.50897,-0.05519,04/09/2016 13:13:03
51.509,-0.05519,04/09/2016 13:13:08
51.50896,-0.05519,04/09/2016 13:14:33
51.50895,-0.05518,04/09/2016 13:14:38
51.50896,-0.05518,04/09/2016 13:20:03
51.50901,-0.05519,04/09/2016 13:20:08
51.50898,-0.05518,04/09/2016 13:21:59
51.50888,-0.05517,04/09/2016 13:22:04
51.50907,-0.05487,04/09/2016 13:22:09
51.50896,-0.0547,04/09/2016 13:22:14
51.5089,-0.05469,04/09/2016 13:22:19
51.50879,-0.05468,04/09/2016 13:22:24
51.50877,-0.05468,04/09/2016 13:22:29
51.50877,-0.05508,04/09/2016 13:22:34
51.5087,-0.05515,04/09/2016 13:22:39
51.50867,-0.0552,04/09/2016 13:22:44
51.50863,-0.05519,04/09/2016 13:22:49
51.50872,-0.05528,04/09/2016 13:22:54
51.50872,-0.05528,04/09/2016 13:23:03
51.50854,-0.05517,04/09/2016 13:23:09
51.50842,-0.05502,04/09/2016 13:23:14
51.50837,-0.05508,04/09/2016 13:23:19
51.50833,-0.05509,04/09/2016 13:23:29
51.50832,-0.05509,04/09/2016 13:23:34
51.50833,-0.05511,04/09/2016 13:23:39
51.50837,-0.05509,04/09/2016 13:23:44
51.50846,-0.05511,04/09/2016 13:23:49
51.50864,-0.05513,04/09/2016 13:23:54
51.50867,-0.05514,04/09/2016 13:24:03
51.50882,-0.05516,04/09/2016 13:24:09
51.50917,-0.05522,04/09/2016 13:24:14
51.50937,-0.05524,04/09/2016 13:24:19
51.50937,-0.05541,04/09/2016 13:24:24
51.50942,-0.05595,04/09/2016 13:24:29
51.50945,-0.05635,04/09/2016 13:24:34
51.50947,-0.05649,04/09/2016 13:24:39
51.50945,-0.05636,04/09/2016 13:24:44
51.50944,-0.05626,04/09/2016 13:24:49
51.50944,-0.05624,04/09/2016 13:31:35
51.50945,-0.05636,04/09/2016 13:31:40
51.50945,-0.05632,04/09/2016 13:31:45
51.50944,-0.05625,04/09/2016 13:31:50
51.50944,-0.05616,04/09/2016 13:31:55
51.50943,-0.05609,04/09/2016 13:32:00
51.50942,-0.05596,04/09/2016 13:32:05
51.5094,-0.05582,04/09/2016 13:32:10
51.50939,-0.0557,04/09/2016 13:32:15
51.50939,-0.05565,04/09/2016 13:32:20
51.50938,-0.05543,04/09/2016 13:32:25
51.50937,-0.05534,04/09/2016 13:32:30
51.50938,-0.05534,04/09/2016 13:33:20
51.50949,-0.05525,04/09/2016 13:33:25
51.50962,-0.05494,04/09/2016 13:33:30
51.50964,-0.05398,04/09/2016 13:33:35
51.50967,-0.05306,04/09/2016 13:33:40
51.5097,-0.05204,04/09/2016 13:33:45
51.50974,-0.05111,04/09/2016 13:33:50
51.50977,-0.05015,04/09/2016 13:33:55
51.50979,-0.04925,04/09/2016 13:34:00
51.50979,-0.0484,04/09/2016 13:34:05
51.50981,-0.04746,04/09/2016 13:34:10
51.51004,-0.04643,04/09/2016 13:34:15
51.51026,-0.04531,04/09/2016 13:34:20
51.51029,-0.04482,04/09/2016 13:34:25
51.5103,-0.04464,04/09/2016 13:34:30
51.51031,-0.0445,04/09/2016 13:34:35
51.51035,-0.04399,04/09/2016 13:34:40
51.5104,-0.04323,04/09/2016 13:34:45
51.51052,-0.04234,04/09/2016 13:34:50
51.51067,-0.04146,04/09/2016 13:34:55
51.51077,-0.04058,04/09/2016 13:35:00
51.51091,-0.03998,04/09/2016 13:35:04
51.51091,-0.03998,04/09/2016 13:35:04
51.50834,-0.02148,04/09/2016 13:37:06
51.50808,-0.02035,04/09/2016 13:37:11
51.50778,-0.01929,04/09/2016 13:37:16
51.50758,-0.01817,04/09/2016 13:37:21
51.50746,-0.01727,04/09/2016 13:37:26
51.5074,-0.01673,04/09/2016 13:37:31
51.50736,-0.01642,04/09/2016 13:37:36
51.50734,-0.01594,04/09/2016 13:37:41
51.50727,-0.01486,04/09/2016 13:37:46
51.50724,-0.01376,04/09/2016 13:37:51
51.50725,-0.01264,04/09/2016 13:37:56
51.5073,-0.01158,04/09/2016 13:38:01
51.50741,-0.01039,04/09/2016 13:38:06
51.50751,-0.00927,04/09/2016 13:38:11
51.50762,-0.0081,04/09/2016 13:38:16
51.50775,-0.00693,04/09/2016 13:38:21
51.50797,-0.00579,04/09/2016 13:38:26
51.50832,-0.0047,04/09/2016 13:38:31
51.50887,-0.00385,04/09/2016 13:38:36
51.50956,-0.00303,04/09/2016 13:38:41
51.5101,-0.00218,04/09/2016 13:38:46
51.51053,-0.00136,04/09/2016 13:38:51
51.5107,-0.00103,04/09/2016 13:38:53
51.5107,-0.00103,04/09/2016 13:38:53
51.51373,0.00156,04/09/2016 13:39:21
51.51445,0.00298,04/09/2016 13:39:26
51.51479,0.00445,04/09/2016 13:39:31
51.5151,0.00591,04/09/2016 13:39:36
51.51541,0.00734,04/09/2016 13:39:41
51.5157,0.00877,04/09/2016 13:39:46
51.51597,0.01024,04/09/2016 13:39:51
51.51624,0.01172,04/09/2016 13:39:56
51.51651,0.0132,04/09/2016 13:40:01
51.51682,0.01494,04/09/2016 13:40:07
51.51706,0.01637,04/09/2016 13:40:12
51.51724,0.01788,04/09/2016 13:40:17
51.51728,0.01938,04/09/2016 13:40:22
51.51732,0.02091,04/09/2016 13:40:27
51.51735,0.02244,04/09/2016 13:40:32
51.51739,0.024,04/09/2016 13:40:37
51.51734,0.02557,04/09/2016 13:40:42
51.5172,0.02723,04/09/2016 13:40:47
51.51709,0.02891,04/09/2016 13:40:52
51.5171,0.03053,04/09/2016 13:40:57
51.51722,0.03229,04/09/2016 13:41:02
51.51754,0.03405,04/09/2016 13:41:07
51.51784,0.03566,04/09/2016 13:41:12
51.51835,0.03719,04/09/2016 13:41:17
51.51887,0.0387,04/09/2016 13:41:22
51.5194,0.04021,04/09/2016 13:41:27
51.51981,0.04173,04/09/2016 13:41:32
51.52003,0.04319,04/09/2016 13:41:37
51.5202,0.04474,04/09/2016 13:41:42
51.52021,0.04623,04/09/2016 13:41:47
51.52009,0.04772,04/09/2016 13:41:52
51.51995,0.0492,04/09/2016 13:41:57
51.51979,0.05076,04/09/2016 13:42:02
51.51964,0.05234,04/09/2016 13:42:07
51.51957,0.05375,04/09/2016 13:42:12
51.51965,0.05535,04/09/2016 13:42:17
51.51978,0.05693,04/09/2016 13:42:22
51.52013,0.0584,04/09/2016 13:42:27
51.52049,0.05988,04/09/2016 13:42:32
51.52102,0.06123,04/09/2016 13:42:37
51.52157,0.06255,04/09/2016 13:42:42
51.52211,0.0639,04/09/2016 13:42:47
51.52263,0.06534,04/09/2016 13:42:52
51.52314,0.06682,04/09/2016 13:42:57
51.5236,0.06815,04/09/2016 13:43:02
51.52406,0.06949,04/09/2016 13:43:07
51.5245,0.07087,04/09/2016 13:43:12
51.52492,0.07221,04/09/2016 13:43:17
51.52537,0.07354,04/09/2016 13:43:22
51.52584,0.07489,04/09/2016 13:43:27
51.52632,0.07622,04/09/2016 13:43:32
51.52684,0.0777,04/09/2016 13:43:38
51.52721,0.07886,04/09/2016 13:43:43
51.52758,0.08002,04/09/2016 13:43:48
51.52794,0.08125,04/09/2016 13:43:53
51.52824,0.08257,04/09/2016 13:43:58
51.52855,0.0839,04/09/2016 13:44:03
51.52886,0.08525,04/09/2016 13:44:08
51.52915,0.08672,04/09/2016 13:44:13
51.52936,0.08818,04/09/2016 13:44:18
51.52955,0.0897,04/09/2016 13:44:23
51.52976,0.09121,04/09/2016 13:44:28
51.53002,0.09278,04/09/2016 13:44:33
51.53032,0.09432,04/09/2016 13:44:38
51.5306,0.09572,04/09/2016 13:44:43
51.53085,0.09694,04/09/2016 13:44:48
51.53107,0.09805,04/09/2016 13:44:53
51.53127,0.09914,04/09/2016 13:44:58
51.53149,0.10031,04/09/2016 13:45:03
51.53168,0.10145,04/09/2016 13:45:08
51.53189,0.10266,04/09/2016 13:45:13
51.53212,0.10383,04/09/2016 13:45:18
51.53233,0.10495,04/09/2016 13:45:23
51.53252,0.10607,04/09/2016 13:45:28
51.53267,0.10724,04/09/2016 13:45:33
51.53279,0.10833,04/09/2016 13:45:38
51.53286,0.10944,04/09/2016 13:45:43
51.53284,0.1105,04/09/2016 13:45:48
51.53278,0.11169,04/09/2016 13:45:53
51.53282,0.11297,04/09/2016 13:45:58
51.5328,0.11416,04/09/2016 13:46:03
51.53277,0.11539,04/09/2016 13:46:08
51.53264,0.11662,04/09/2016 13:46:13
51.53245,0.11811,04/09/2016 13:46:19
51.53222,0.11961,04/09/2016 13:46:24
51.53199,0.12115,04/09/2016 13:46:29
51.53178,0.12265,04/09/2016 13:46:34
51.53165,0.12419,04/09/2016 13:46:39
51.53168,0.12574,04/09/2016 13:46:44
51.5318,0.12729,04/09/2016 13:46:49
51.53181,0.12888,04/09/2016 13:46:54
51.53168,0.13042,04/09/2016 13:46:59
51.53156,0.13201,04/09/2016 13:47:04
51.53157,0.13374,04/09/2016 13:47:10
51.53154,0.13517,04/09/2016 13:47:15
51.5315,0.1365,04/09/2016 13:47:20
51.53128,0.13766,04/09/2016 13:47:25
51.53104,0.13849,04/09/2016 13:47:30
51.53089,0.13913,04/09/2016 13:47:35
51.53092,0.139,04/09/2016 13:47:40
51.5309,0.13911,04/09/2016 13:47:45
51.53081,0.13979,04/09/2016 13:47:50
51.53073,0.1402,04/09/2016 13:47:55
51.53043,0.13975,04/09/2016 13:48:00
51.53009,0.13934,04/09/2016 13:48:05
51.52969,0.13894,04/09/2016 13:48:10
51.52925,0.13921,04/09/2016 13:48:15
51.5287,0.14016,04/09/2016 13:48:20
51.52804,0.14106,04/09/2016 13:48:25
51.52729,0.1412,04/09/2016 13:48:30
51.52657,0.14106,04/09/2016 13:48:35
51.52593,0.14077,04/09/2016 13:48:40
51.5253,0.14053,04/09/2016 13:48:45
51.5246,0.14033,04/09/2016 13:48:50
51.5238,0.14014,04/09/2016 13:48:55
51.5231,0.13996,04/09/2016 13:49:00
51.52266,0.13998,04/09/2016 13:49:05
51.52248,0.14095,04/09/2016 13:49:10
51.52226,0.14222,04/09/2016 13:49:15
51.52215,0.14342,04/09/2016 13:49:20
51.52211,0.14384,04/09/2016 13:49:25
51.52211,0.14377,04/09/2016 13:49:35
51.52211,0.14375,04/09/2016 13:49:39
51.52211,0.14375,04/09/2016 13:49:49
51.5221,0.14397,04/09/2016 13:49:55
51.52206,0.14439,04/09/2016 13:50:00
51.52201,0.14498,04/09/2016 13:50:05
51.52196,0.14544,04/09/2016 13:50:10
51.52193,0.1458,04/09/2016 13:50:16
51.52185,0.14588,04/09/2016 13:50:21
51.52147,0.14579,04/09/2016 13:50:26
51.52096,0.14566,04/09/2016 13:50:31
51.52039,0.14553,04/09/2016 13:50:36
51.51986,0.1454,04/09/2016 13:50:41
51.5194,0.14531,04/09/2016 13:50:46
51.51924,0.14528,04/09/2016 13:50:51
51.51952,0.14513,04/09/2016 13:50:56
51.51959,0.14507,04/09/2016 13:51:01
51.51959,0.14507,04/09/2016 13:51:06
51.5196,0.14496,04/09/2016 13:51:11
51.51929,0.14499,04/09/2016 13:51:16
51.51957,0.14491,04/09/2016 13:51:21
51.51943,0.14444,04/09/2016 13:51:26
51.51943,0.14407,04/09/2016 13:51:31
51.51946,0.14384,04/09/2016 13:51:36
51.51949,0.14362,04/09/2016 13:51:41
51.51941,0.14353,04/09/2016 13:51:46
51.51918,0.14352,04/09/2016 13:51:51
51.51897,0.14348,04/09/2016 13:51:56
51.51881,0.1435,04/09/2016 13:52:01
51.51882,0.14371,04/09/2016 13:52:06
51.51886,0.1437,04/09/2016 13:52:57
51.51889,0.14372,04/09/2016 13:53:02
51.51893,0.14374,04/09/2016 13:53:07
51.51897,0.14378,04/09/2016 13:53:11
51.51901,0.14381,04/09/2016 13:54:26
51.51904,0.14379,04/09/2016 13:54:32
51.51908,0.14375,04/09/2016 13:54:37
51.5191,0.14381,04/09/2016 14:03:44
51.51911,0.14381,04/09/2016 14:03:49
51.51914,0.14382,04/09/2016 14:03:59
51.51921,0.14385,04/09/2016 14:04:03